Date,Airline,Flight,From,To,Dep Terminal,Dep Gate,Arr Terminal,Arr Gate,Canceled,Diverted To,Gate Departure (Scheduled),Gate Departure (Actual),Take off (Scheduled),Take off (Actual),Landing (Scheduled),Landing (Actual),Gate Arrival (Scheduled),Gate Arrival (Actual),Aircraft Type Name,Tail Number,PNR,Seat,Seat Type,Cabin Class,Flight Reason,Notes,Flight Flighty ID,Airline Flighty ID,Departure Airport Flighty ID,Arrival Airport Flighty ID,Diverted To Airport Flighty ID,Aircraft Type Flighty ID
2026-02-03,AAL,4320,MIA,EIS,N,D55,,,false,SJU,2026-02-03T13:09,2026-02-03T13:09,2026-02-03T13:21,2026-02-03T13:38,2026-02-03T16:59,2026-02-03T17:41,2026-02-03T17:09,2026-02-03T17:47,Embraer 175,N280NN,,,,,,,2e19e64e-dc7a-44f0-87aa-6eef027ff293,ae1fc6a5-c42d-4e70-ba63-d641d248d270,2a44ac82-ae36-48d1-87c0-e8cbb31ce45f,62505d2a-a52b-49e5-af84-419cff971807,1f1a1626-74d4-4ce1-b3db-9a365053202a,36728d5b-40cd-46ec-93ba-8822376b565d
2026-02-05,AAL,3420,MIA,AXA,N,D60E,,1,false,,2026-02-05T12:17,2026-02-05T12:10,2026-02-05T12:27,2026-02-05T13:01,2026-02-05T16:16,2026-02-05T16:27,2026-02-05T16:26,2026-02-05T16:32,Embraer 175,N319RG,,,,,,,ae34ccec-61d1-4fba-acf7-ff5d99cef255,ae1fc6a5-c42d-4e70-ba63-d641d248d270,2a44ac82-ae36-48d1-87c0-e8cbb31ce45f,83ca6a02-f8f4-4014-b4ff-e47dddb8abf3,,36728d5b-40cd-46ec-93ba-8822376b565d
2026-02-05,AAL,3420,AXA,MIA,,1,N,D53,false,,2026-02-05T17:06,2026-02-05T17:01,2026-02-05T17:20,2026-02-05T17:24,2026-02-05T19:15,2026-02-05T19:45,2026-02-05T19:26,2026-02-05T19:49,Embraer 175,N319RG,,,,,,,68c26f32-9359-42c7-aa08-97c663fd43ea,ae1fc6a5-c42d-4e70-ba63-d641d248d270,83ca6a02-f8f4-4014-b4ff-e47dddb8abf3,2a44ac82-ae36-48d1-87c0-e8cbb31ce45f,,36728d5b-40cd-46ec-93ba-8822376b565d
2026-02-08,AAL,3781,MIA,EYW,N,D60L,,4,false,,2026-02-08T18:07,2026-02-08T18:03,2026-02-08T18:17,2026-02-08T18:17,2026-02-08T19:00,2026-02-08T18:53,2026-02-08T19:10,2026-02-08T18:55,Embraer 175,N205NN,,,,,,,c4993e57-6cc8-41f4-b6b5-e84bc80b67fc,ae1fc6a5-c42d-4e70-ba63-d641d248d270,2a44ac82-ae36-48d1-87c0-e8cbb31ce45f,bb9e5fdc-9cea-4280-83ad-29167c2e140c,,36728d5b-40cd-46ec-93ba-8822376b565d
2026-02-08,AAL,4064,EYW,MIA,,4,N,D60L,false,,2026-02-08T19:45,2026-02-08T19:30,2026-02-08T19:54,2026-02-08T19:42,2026-02-08T20:30,2026-02-08T20:08,2026-02-08T20:39,2026-02-08T20:13,Embraer 175,N205NN,,,,,,,407dc2c9-c3da-4c69-9630-c5814ddb0612,ae1fc6a5-c42d-4e70-ba63-d641d248d270,bb9e5fdc-9cea-4280-83ad-29167c2e140c,2a44ac82-ae36-48d1-87c0-e8cbb31ce45f,,36728d5b-40cd-46ec-93ba-8822376b565d
2026-02-08,AAL,4061,MIA,TYS,N,D55,,8A,false,,2026-02-08T21:34,2026-02-08T21:30,2026-02-08T21:44,2026-02-08T22:04,2026-02-08T23:49,2026-02-08T23:55,2026-02-08T23:59,2026-02-08T23:59,Embraer 175,N244NN,,,,,,,ad309b5e-f6a7-4409-ae39-b7c1da5d2832,ae1fc6a5-c42d-4e70-ba63-d641d248d270,2a44ac82-ae36-48d1-87c0-e8cbb31ce45f,b268c0de-47e1-4f14-b537-566b2ad22631,,36728d5b-40cd-46ec-93ba-8822376b565d
2026-02-09,AAL,3799,TYS,MIA,,12,N,D60J,false,,2026-02-09T17:24,2026-02-09T17:25,2026-02-09T17:34,2026-02-09T17:39,2026-02-09T19:30,2026-02-09T19:12,2026-02-09T19:40,2026-02-09T19:17,Embraer 175,N215NN,,,,,,,6ed2c821-84f1-4352-b6d3-c23a64ad4cf5,ae1fc6a5-c42d-4e70-ba63-d641d248d270,b268c0de-47e1-4f14-b537-566b2ad22631,2a44ac82-ae36-48d1-87c0-e8cbb31ce45f,,36728d5b-40cd-46ec-93ba-8822376b565d
2026-02-09,AAL,3676,MIA,CVG,N,D53,3,B18,false,,2026-02-09T20:59,2026-02-09T20:50,2026-02-09T21:09,2026-02-09T21:19,2026-02-09T23:49,2026-02-09T23:51,2026-02-09T23:59,2026-02-10T00:01,Embraer 175,N299JJ,,,,,,,792e36a6-f406-483a-b37f-242123e72fcc,ae1fc6a5-c42d-4e70-ba63-d641d248d270,2a44ac82-ae36-48d1-87c0-e8cbb31ce45f,d1a147c1-c486-4b4b-a744-65bf7018d1bc,,36728d5b-40cd-46ec-93ba-8822376b565d
2026-02-11,AAL,4264,CVG,BOS,3,B16,B,B10,false,,2026-02-11T06:20,2026-02-11T06:16,2026-02-11T06:30,2026-02-11T06:43,2026-02-11T08:32,2026-02-11T08:22,2026-02-11T08:42,2026-02-11T08:36,Embraer 175,N302RN,,,,,,,ba586691-9603-4642-83dd-9422f13a3abf,ae1fc6a5-c42d-4e70-ba63-d641d248d270,d1a147c1-c486-4b4b-a744-65bf7018d1bc,813ec62f-c303-44d9-a041-a4434d6fd652,,36728d5b-40cd-46ec-93ba-8822376b565d
2026-02-11,AAL,3790,BOS,DCA,B,B10,2,C30,false,,2026-02-11T10:00,2026-02-11T09:56,2026-02-11T10:27,2026-02-11T10:15,2026-02-11T11:45,2026-02-11T11:37,2026-02-11T11:59,2026-02-11T11:39,Embraer 175,N302RN,,,,,,,9bf15b28-d24d-4eaf-92c2-3216b9267ca6,ae1fc6a5-c42d-4e70-ba63-d641d248d270,813ec62f-c303-44d9-a041-a4434d6fd652,be38c6f9-3dd7-41e2-baf8-929dbd2b54f3,,36728d5b-40cd-46ec-93ba-8822376b565d
2026-02-11,AAL,3771,DCA,EYW,2,C30,,2,false,,2026-02-11T12:51,2026-02-11T12:49,2026-02-11T13:01,2026-02-11T13:12,2026-02-11T15:57,2026-02-11T15:35,2026-02-11T16:07,2026-02-11T16:21,Embraer 175,N302RN,,,,,,,384b4769-1df7-4254-a66c-720da94ab594,ae1fc6a5-c42d-4e70-ba63-d641d248d270,be38c6f9-3dd7-41e2-baf8-929dbd2b54f3,bb9e5fdc-9cea-4280-83ad-29167c2e140c,,36728d5b-40cd-46ec-93ba-8822376b565d
2026-02-12,AAL,3696,MIA,EIS,N,D60E,,,false,,2026-02-12T09:02,2026-02-12T08:52,2026-02-12T09:12,2026-02-12T09:15,2026-02-12T12:50,2026-02-12T12:37,2026-02-12T13:00,2026-02-12T12:40,Embraer 175,N283NN,,,,,,,6adf08ba-348b-463d-a66a-4bb4ee678f1e,ae1fc6a5-c42d-4e70-ba63-d641d248d270,2a44ac82-ae36-48d1-87c0-e8cbb31ce45f,62505d2a-a52b-49e5-af84-419cff971807,,36728d5b-40cd-46ec-93ba-8822376b565d
2026-02-12,AAL,3876,EIS,MIA,,4,N,D60E,false,,2026-02-12T13:40,2026-02-12T13:26,2026-02-12T13:50,2026-02-12T13:40,2026-02-12T15:43,2026-02-12T15:12,2026-02-12T15:53,2026-02-12T15:18,Embraer 175,N283NN,,,,,,,f9d6a2bc-6ad4-4c66-83fa-32d7c495d972,ae1fc6a5-c42d-4e70-ba63-d641d248d270,62505d2a-a52b-49e5-af84-419cff971807,2a44ac82-ae36-48d1-87c0-e8cbb31ce45f,,36728d5b-40cd-46ec-93ba-8822376b565d
2026-03-13,AAL,3771,DCA,EYW,2,C31,,5,false,,2026-03-13T12:19,2026-03-13T12:21,2026-03-13T12:29,2026-03-13T12:32,2026-03-13T15:16,2026-03-13T14:57,2026-03-13T15:26,2026-03-13T15:02,Embraer 175,N248NN,,,,,,,4159babc-b53e-4ec5-aa03-862af98f1c67,ae1fc6a5-c42d-4e70-ba63-d641d248d270,be38c6f9-3dd7-41e2-baf8-929dbd2b54f3,bb9e5fdc-9cea-4280-83ad-29167c2e140c,,36728d5b-40cd-46ec-93ba-8822376b565d
2026-03-13,AAL,3701,EYW,MIA,,5,N,D60M,false,,2026-03-13T15:56,2026-03-13T15:52,2026-03-13T16:05,2026-03-13T16:10,2026-03-13T16:41,2026-03-13T16:37,2026-03-13T16:50,2026-03-13T16:41,Embraer 175,N248NN,,,,,,,f721d796-42ec-4ebe-a581-1503c2f730bd,ae1fc6a5-c42d-4e70-ba63-d641d248d270,bb9e5fdc-9cea-4280-83ad-29167c2e140c,2a44ac82-ae36-48d1-87c0-e8cbb31ce45f,,36728d5b-40cd-46ec-93ba-8822376b565d
2026-03-16,AAL,3756,MIA,MTY,N,D60B,A,7,false,,2026-03-16T18:40,2026-03-16T18:59,2026-03-16T18:50,2026-03-16T19:19,2026-03-16T20:23,2026-03-16T20:30,2026-03-16T20:33,2026-03-16T20:36,Embraer 175,N206NN,,,,,,,6b01a6ae-9495-4204-821e-57ea1e297815,ae1fc6a5-c42d-4e70-ba63-d641d248d270,2a44ac82-ae36-48d1-87c0-e8cbb31ce45f,5a2b0533-be12-4c83-838d-063ba4ca3526,,36728d5b-40cd-46ec-93ba-8822376b565d
2026-03-17,AAL,3862,MTY,DFW,A,7,B,B2,false,,2026-03-17T11:41,2026-03-17T11:41,2026-03-17T11:51,2026-03-17T12:03,2026-03-17T14:22,2026-03-17T14:36,2026-03-17T14:32,2026-03-17T14:43,Embraer 175,N230NN,,,,,,,f487d6ef-62cd-4fbe-9334-01ef1bd0875e,ae1fc6a5-c42d-4e70-ba63-d641d248d270,5a2b0533-be12-4c83-838d-063ba4ca3526,1573100e-e4a3-47b0-9399-01b36074e1f5,,36728d5b-40cd-46ec-93ba-8822376b565d
2026-03-18,AAL,4056,MIA,CMH,N,D60N,Main,B23,false,,2026-03-18T19:52,2026-03-18T20:15,2026-03-18T20:02,2026-03-18T20:30,2026-03-18T22:46,2026-03-18T22:42,2026-03-18T22:56,2026-03-18T22:53,Embraer 175,N206NN,,,,,,,e98e88ce-81c1-4f7e-bdb2-27d8366a25de,ae1fc6a5-c42d-4e70-ba63-d641d248d270,2a44ac82-ae36-48d1-87c0-e8cbb31ce45f,5a1c00de-6e4e-4b43-9404-25948e941c8a,,36728d5b-40cd-46ec-93ba-8822376b565d
2026-03-19,AAL,3437,CMH,MIA,Main,B21,N,D60R,false,,2026-03-19T11:31,2026-03-19T11:29,2026-03-19T11:41,2026-03-19T11:43,2026-03-19T14:03,2026-03-19T13:57,2026-03-19T14:13,2026-03-19T14:07,Embraer 170,N340TC,,,,,,,9314c23f-0787-461d-b49a-10584e0133a8,ae1fc6a5-c42d-4e70-ba63-d641d248d270,5a1c00de-6e4e-4b43-9404-25948e941c8a,2a44ac82-ae36-48d1-87c0-e8cbb31ce45f,,2acf1934-38ee-4709-8efa-7018f9be5222
2026-03-25,AAL,3807,MIA,PIT,N,D60Q,Main,B14,false,,2026-03-25T21:00,2026-03-25T20:52,2026-03-25T21:10,2026-03-25T21:20,2026-03-25T23:49,2026-03-25T23:48,2026-03-25T23:59,2026-03-25T23:53,Embraer 175,N222NS,,,,,,,17e294b0-819b-49ef-b39a-9d114322e030,ae1fc6a5-c42d-4e70-ba63-d641d248d270,2a44ac82-ae36-48d1-87c0-e8cbb31ce45f,55394d7e-5085-44dc-8919-ae570e6305b3,,36728d5b-40cd-46ec-93ba-8822376b565d
2026-03-26,AAL,3784,PIT,DCA,Main,B6,2,D42,false,,2026-03-26T13:29,2026-03-26T13:34,2026-03-26T13:39,2026-03-26T14:07,2026-03-26T14:31,2026-03-26T14:48,2026-03-26T14:41,2026-03-26T14:56,Embraer 175,N275NN,,,,,,,1ac5b43c-381d-4cbb-82ef-864bb04418de,ae1fc6a5-c42d-4e70-ba63-d641d248d270,55394d7e-5085-44dc-8919-ae570e6305b3,be38c6f9-3dd7-41e2-baf8-929dbd2b54f3,,36728d5b-40cd-46ec-93ba-8822376b565d
2026-03-26,AAL,3956,DCA,BUF,2,D42,,5,false,,2026-03-26T15:26,2026-03-26T15:26,2026-03-26T15:36,2026-03-26T15:55,2026-03-26T16:42,2026-03-26T16:57,2026-03-26T16:52,2026-03-26T17:01,Embraer 175,N275NN,,,,,,,8d0d6d5c-de8e-4026-a5f7-342c8958bc81,ae1fc6a5-c42d-4e70-ba63-d641d248d270,be38c6f9-3dd7-41e2-baf8-929dbd2b54f3,b82e1bd6-c2e0-416e-ac07-9bceb09e5389,,36728d5b-40cd-46ec-93ba-8822376b565d
2026-03-26,AAL,3956,BUF,DCA,,5,2,D39,false,,2026-03-26T17:29,2026-03-26T17:32,2026-03-26T17:39,2026-03-26T18:17,2026-03-26T18:44,2026-03-26T19:10,2026-03-26T18:54,2026-03-26T19:15,Embraer 175,N275NN,,,,,,,ddc27a59-cb6d-4ede-926d-44ca99e5fae5,ae1fc6a5-c42d-4e70-ba63-d641d248d270,b82e1bd6-c2e0-416e-ac07-9bceb09e5389,be38c6f9-3dd7-41e2-baf8-929dbd2b54f3,,36728d5b-40cd-46ec-93ba-8822376b565d
2026-03-26,AAL,3957,DCA,XNA,2,D39,Main,A4,false,,2026-03-26T19:59,2026-03-26T19:59,2026-03-26T20:09,2026-03-26T20:46,2026-03-26T21:58,2026-03-26T22:00,2026-03-26T22:08,2026-03-26T22:09,Embraer 175,N275NN,,,,,,,70320b1b-554e-4e76-9c1c-a7b2e327add9,ae1fc6a5-c42d-4e70-ba63-d641d248d270,be38c6f9-3dd7-41e2-baf8-929dbd2b54f3,45607010-8aec-4ccb-a3cf-2880da46e289,,36728d5b-40cd-46ec-93ba-8822376b565d
2026-03-27,AAL,4050,XNA,DFW,Main,A7,B,B39,false,,2026-03-27T12:24,2026-03-27T12:38,2026-03-27T12:34,2026-03-27T12:51,2026-03-27T13:43,2026-03-27T13:49,2026-03-27T13:53,2026-03-27T14:03,Embraer 175,N257NN,,,,,,,de7088ca-faab-4977-9458-d4b2c1a7945a,ae1fc6a5-c42d-4e70-ba63-d641d248d270,45607010-8aec-4ccb-a3cf-2880da46e289,1573100e-e4a3-47b0-9399-01b36074e1f5,,36728d5b-40cd-46ec-93ba-8822376b565d
2026-03-27,AAL,3889,DFW,MTY,B,B30,A,7,false,,2026-03-27T16:28,2026-03-27T16:37,2026-03-27T16:38,2026-03-27T17:05,2026-03-27T17:11,2026-03-27T17:25,2026-03-27T17:21,2026-03-27T17:29,Embraer 175,N289MW,,,,,,,8df06cb8-50cb-4e82-9244-0e38665f656c,ae1fc6a5-c42d-4e70-ba63-d641d248d270,1573100e-e4a3-47b0-9399-01b36074e1f5,5a2b0533-be12-4c83-838d-063ba4ca3526,,36728d5b-40cd-46ec-93ba-8822376b565d
2026-03-28,AAL,3755,MTY,MIA,A,8,N,D53,false,,2026-03-28T06:10,2026-03-28T06:09,2026-03-28T06:20,2026-03-28T06:27,2026-03-28T11:05,2026-03-28T11:07,2026-03-28T11:15,2026-03-28T11:20,Embraer 175,N236NN,,,,,,,9afbbe4d-00a0-4335-9f31-71aa7dde9612,ae1fc6a5-c42d-4e70-ba63-d641d248d270,5a2b0533-be12-4c83-838d-063ba4ca3526,2a44ac82-ae36-48d1-87c0-e8cbb31ce45f,,36728d5b-40cd-46ec-93ba-8822376b565d
2026-03-28,AAL,3528,MIA,FPO,N,D60F,,C,false,,2026-03-28T13:29,2026-03-28T13:27,2026-03-28T13:38,2026-03-28T13:48,2026-03-28T14:17,2026-03-28T14:11,2026-03-28T14:27,2026-03-28T14:15,Embraer 175,N273NN,,,,,,,3facf646-d828-4bc8-9175-84100c047bf2,ae1fc6a5-c42d-4e70-ba63-d641d248d270,2a44ac82-ae36-48d1-87c0-e8cbb31ce45f,636b5bad-bebc-4997-8f64-b0cb7b343c90,,36728d5b-40cd-46ec-93ba-8822376b565d
2026-03-28,AAL,3528,FPO,MIA,,C,N,D55,false,,2026-03-28T15:07,2026-03-28T14:49,2026-03-28T15:15,2026-03-28T14:58,2026-03-28T15:49,2026-03-28T15:36,2026-03-28T15:58,2026-03-28T15:56,Embraer 175,N273NN,,,,,,,254b100a-e2c7-4a61-b03a-94071ec286af,ae1fc6a5-c42d-4e70-ba63-d641d248d270,636b5bad-bebc-4997-8f64-b0cb7b343c90,2a44ac82-ae36-48d1-87c0-e8cbb31ce45f,,36728d5b-40cd-46ec-93ba-8822376b565d
2026-04-04,AAL,3747,MIA,CMH,N,D55,Main,B24,false,,2026-04-04T16:27,2026-04-04T16:22,2026-04-04T16:37,2026-04-04T16:39,2026-04-04T19:20,2026-04-04T19:02,2026-04-04T19:30,2026-04-04T19:10,Embraer 170,N339HG,_NULL_,,,,,,897e8d0d-2d1d-4a7e-aa36-ca9daeaa74db,ae1fc6a5-c42d-4e70-ba63-d641d248d270,2a44ac82-ae36-48d1-87c0-e8cbb31ce45f,5a1c00de-6e4e-4b43-9404-25948e941c8a,,2acf1934-38ee-4709-8efa-7018f9be5222
2026-04-05,AAL,3446,CMH,ORD,Main,B28,3,L6A,false,,2026-04-05T07:00,2026-04-05T06:54,2026-04-05T07:10,2026-04-05T07:09,2026-04-05T07:32,2026-04-05T07:04,2026-04-05T07:42,2026-04-05T07:20,Embraer 170,N743MB,,,,,,,2b809e0c-c123-4d16-8638-be0645dc49dd,ae1fc6a5-c42d-4e70-ba63-d641d248d270,5a1c00de-6e4e-4b43-9404-25948e941c8a,a5eff314-18e7-4c87-bd38-0131882f1b8d,,2acf1934-38ee-4709-8efa-7018f9be5222
2026-04-05,AAL,3845,ORD,VPS,3,G8,,A1,false,,2026-04-05T09:05,2026-04-05T09:02,2026-04-05T09:15,2026-04-05T09:30,2026-04-05T11:24,2026-04-05T11:17,2026-04-05T11:34,2026-04-05T11:24,Embraer 175,N226NN,,,,,,,c20f72d0-2f39-4629-80ed-d47e37ee0d43,ae1fc6a5-c42d-4e70-ba63-d641d248d270,a5eff314-18e7-4c87-bd38-0131882f1b8d,5989cdd8-884b-4dc7-a74b-bcc435db455b,,36728d5b-40cd-46ec-93ba-8822376b565d
2026-04-06,AAL,4301,VPS,MIA,,A3,N,D60P,false,,2026-04-06T06:00,2026-04-06T05:59,2026-04-06T06:10,2026-04-06T06:15,2026-04-06T08:28,2026-04-06T08:33,2026-04-06T08:38,2026-04-06T08:40,Embraer 175,N321JS,,,,,,,978b0bec-39f6-47d6-bdfc-f081c3e23b90,ae1fc6a5-c42d-4e70-ba63-d641d248d270,5989cdd8-884b-4dc7-a74b-bcc435db455b,2a44ac82-ae36-48d1-87c0-e8cbb31ce45f,,36728d5b-40cd-46ec-93ba-8822376b565d
2026-04-06,AAL,3587,MIA,FPO,N,D55,,C,false,,2026-04-06T10:35,2026-04-06T10:31,2026-04-06T10:45,2026-04-06T10:48,2026-04-06T11:27,2026-04-06T11:16,2026-04-06T11:37,2026-04-06T11:22,Embraer 175,N231AN,,,,,,,a051f180-c8cd-40d5-8de7-1d2469293178,ae1fc6a5-c42d-4e70-ba63-d641d248d270,2a44ac82-ae36-48d1-87c0-e8cbb31ce45f,636b5bad-bebc-4997-8f64-b0cb7b343c90,,36728d5b-40cd-46ec-93ba-8822376b565d
2026-04-06,AAL,3587,FPO,MIA,,C,N,D60H,false,,2026-04-06T12:17,2026-04-06T12:11,2026-04-06T12:25,2026-04-06T12:15,2026-04-06T12:59,2026-04-06T12:45,2026-04-06T13:08,2026-04-06T12:47,Embraer 175,N231AN,,,,,,,fc356ff5-02eb-47d3-ad62-c7abc1e13f72,ae1fc6a5-c42d-4e70-ba63-d641d248d270,636b5bad-bebc-4997-8f64-b0cb7b343c90,2a44ac82-ae36-48d1-87c0-e8cbb31ce45f,,36728d5b-40cd-46ec-93ba-8822376b565d
2026-04-07,AAL,3366,MIA,ELH,N,D60F,,A,false,,2026-04-07T12:29,2026-04-07T12:59,2026-04-07T12:39,2026-04-07T13:11,2026-04-07T13:27,2026-04-07T13:47,2026-04-07T13:37,2026-04-07T13:50,Embraer 175,N231AN,,,,,,,15e7d194-f7cf-4b80-a6d5-4a94a8c8d365,ae1fc6a5-c42d-4e70-ba63-d641d248d270,2a44ac82-ae36-48d1-87c0-e8cbb31ce45f,32f99574-06b4-42d5-9324-e47054ede20a,,36728d5b-40cd-46ec-93ba-8822376b565d
2026-04-07,AAL,3570,ELH,MIA,,A,N,D60C,false,,2026-04-07T14:17,2026-04-07T14:26,2026-04-07T14:27,2026-04-07T14:34,2026-04-07T15:15,2026-04-07T15:56,2026-04-07T15:25,2026-04-07T15:59,Embraer 175,N231AN,,,,,,,7b0a76f7-c911-46c4-a6b3-da1f09aaba5e,ae1fc6a5-c42d-4e70-ba63-d641d248d270,32f99574-06b4-42d5-9324-e47054ede20a,2a44ac82-ae36-48d1-87c0-e8cbb31ce45f,,36728d5b-40cd-46ec-93ba-8822376b565d
2026-04-12,AAL,3865,MIA,BNA,N,D60E,Main,C18,false,,2026-04-12T06:35,2026-04-12T06:26,2026-04-12T06:45,2026-04-12T06:41,2026-04-12T07:52,2026-04-12T07:39,2026-04-12T08:02,2026-04-12T07:45,Embraer 175,N260NN,,,,,,,9fda87eb-1adc-4f17-ac1f-8af30274aa45,ae1fc6a5-c42d-4e70-ba63-d641d248d270,2a44ac82-ae36-48d1-87c0-e8cbb31ce45f,812e405f-26e2-44fb-83fc-db16918270b2,,36728d5b-40cd-46ec-93ba-8822376b565d
2026-04-12,AAL,3759,BNA,TPA,Main,C18,,F80,false,,2026-04-12T08:43,2026-04-12T08:38,2026-04-12T08:53,2026-04-12T08:54,2026-04-12T11:24,2026-04-12T11:23,2026-04-12T11:34,2026-04-12T11:26,Embraer 175,N260NN,,,,,,,23e29faa-4164-4e64-9c4a-56e5e6cd3c9a,ae1fc6a5-c42d-4e70-ba63-d641d248d270,812e405f-26e2-44fb-83fc-db16918270b2,af50854a-e728-4e40-885b-d8b73b69f6e8,,36728d5b-40cd-46ec-93ba-8822376b565d
2026-04-12,AAL,3880,TPA,BNA,,F80,Main,C17,false,,2026-04-12T12:04,2026-04-12T11:59,2026-04-12T12:14,2026-04-12T12:09,2026-04-12T12:58,2026-04-12T12:39,2026-04-12T13:08,2026-04-12T12:43,Embraer 175,N260NN,${null},,,,,,0368e076-002e-404e-82dd-552785c67e78,ae1fc6a5-c42d-4e70-ba63-d641d248d270,af50854a-e728-4e40-885b-d8b73b69f6e8,812e405f-26e2-44fb-83fc-db16918270b2,,36728d5b-40cd-46ec-93ba-8822376b565d
2026-04-13,AAL,3402,BNA,ORD,Main,T5,3,L5,false,,2026-04-13T05:00,2026-04-13T04:51,2026-04-13T05:10,2026-04-13T05:05,2026-04-13T06:42,2026-04-13T06:21,2026-04-13T06:52,2026-04-13T06:32,Embraer 175,N217NN,,,,,,,5d16036c-ebf6-40f2-8738-572cebd8c40b,ae1fc6a5-c42d-4e70-ba63-d641d248d270,812e405f-26e2-44fb-83fc-db16918270b2,a5eff314-18e7-4c87-bd38-0131882f1b8d,,36728d5b-40cd-46ec-93ba-8822376b565d
2026-04-13,AAL,3625,ORD,GSO,3,G5,Main,47,false,,2026-04-13T08:05,2026-04-13T07:58,2026-04-13T08:15,2026-04-13T08:11,2026-04-13T10:59,2026-04-13T10:35,2026-04-13T11:09,2026-04-13T10:37,Embraer 170,N768RD,,,,,,,6976425b-5a68-4d17-9c3a-e25a441e5fbe,ae1fc6a5-c42d-4e70-ba63-d641d248d270,a5eff314-18e7-4c87-bd38-0131882f1b8d,495f7a2c-679a-4106-9bd3-33cf38d13c95,,2acf1934-38ee-4709-8efa-7018f9be5222
2026-04-14,AAL,3640,GSO,MIA,Main,47,N,D60H,false,,2026-04-14T06:45,2026-04-14T06:40,2026-04-14T06:55,2026-04-14T06:50,2026-04-14T08:41,2026-04-14T08:29,2026-04-14T08:51,2026-04-14T08:36,Embraer 175,N253NN,,,,,,,037f51bc-9282-4157-98aa-ddc98b29f7f2,ae1fc6a5-c42d-4e70-ba63-d641d248d270,495f7a2c-679a-4106-9bd3-33cf38d13c95,2a44ac82-ae36-48d1-87c0-e8cbb31ce45f,,36728d5b-40cd-46ec-93ba-8822376b565d
2026-04-14,AAL,3453,MIA,FPO,N,D55,,C,false,,2026-04-14T11:00,2026-04-14T10:51,2026-04-14T11:10,2026-04-14T11:16,2026-04-14T11:51,2026-04-14T11:41,2026-04-14T12:01,2026-04-14T11:44,Embraer 170,N310JZ,,,,,,,ebe2672b-6a60-4783-b4bd-39364b7564bc,ae1fc6a5-c42d-4e70-ba63-d641d248d270,2a44ac82-ae36-48d1-87c0-e8cbb31ce45f,636b5bad-bebc-4997-8f64-b0cb7b343c90,,2acf1934-38ee-4709-8efa-7018f9be5222
2026-04-14,AAL,3352,FPO,MIA,,C,N,D55,false,,2026-04-14T12:41,2026-04-14T12:27,2026-04-14T12:49,2026-04-14T12:31,2026-04-14T13:22,2026-04-14T12:59,2026-04-14T13:31,2026-04-14T13:05,Embraer 170,N310JZ,,,,,,,8acfa5bf-ea2b-40c0-ba5e-452b8b042f94,ae1fc6a5-c42d-4e70-ba63-d641d248d270,636b5bad-bebc-4997-8f64-b0cb7b343c90,2a44ac82-ae36-48d1-87c0-e8cbb31ce45f,,2acf1934-38ee-4709-8efa-7018f9be5222
2026-04-15,AAL,3585,MIA,TLH,N,D60N,,A3,false,,2026-04-15T22:26,2026-04-15T22:23,2026-04-15T22:36,2026-04-15T22:38,2026-04-15T23:46,2026-04-15T23:38,2026-04-15T23:56,2026-04-15T23:42,Embraer 175,N228NN,,,,,,,b027d19c-fed9-4a17-9aa8-746a48e4bdf9,ae1fc6a5-c42d-4e70-ba63-d641d248d270,2a44ac82-ae36-48d1-87c0-e8cbb31ce45f,cccd7373-fc41-40f6-a00c-07f56f9706f5,,36728d5b-40cd-46ec-93ba-8822376b565d
2026-04-17,AAL,3858,TLH,MIA,,A3,N,D60E,false,,2026-04-17T06:09,2026-04-17T06:01,2026-04-17T06:19,2026-04-17T06:11,2026-04-17T07:23,2026-04-17T07:10,2026-04-17T07:33,2026-04-17T07:20,Embraer 175,N215NN,,,,,,,bfc245e0-b1a2-4759-b885-134d90ab9e8e,ae1fc6a5-c42d-4e70-ba63-d641d248d270,cccd7373-fc41-40f6-a00c-07f56f9706f5,2a44ac82-ae36-48d1-87c0-e8cbb31ce45f,,36728d5b-40cd-46ec-93ba-8822376b565d
2026-04-24,AAL,3951,MIA,MCI,N,D60B,,A2,false,,2026-04-24T15:15,2026-04-24T15:08,2026-04-24T15:25,2026-04-24T15:21,2026-04-24T17:35,2026-04-24T17:52,2026-04-24T17:45,2026-04-24T17:56,Embraer 175,N241NN,,,,,,,bd13e869-c0a4-4866-97c3-f62edbb34e98,ae1fc6a5-c42d-4e70-ba63-d641d248d270,2a44ac82-ae36-48d1-87c0-e8cbb31ce45f,bd6062aa-a329-43e4-b684-82b0e7579c91,,36728d5b-40cd-46ec-93ba-8822376b565d
2026-04-25,AAL,4206,MCI,ORD,,A14,3,H1A,false,,2026-04-25T05:33,2026-04-25T05:25,2026-04-25T05:43,2026-04-25T05:40,2026-04-25T07:16,2026-04-25T06:42,2026-04-25T07:26,2026-04-25T06:57,Embraer 175,N247NN,,,,,,,f9e9b9ba-fd78-4ccd-bfed-deb7baaf5a7e,ae1fc6a5-c42d-4e70-ba63-d641d248d270,bd6062aa-a329-43e4-b684-82b0e7579c91,a5eff314-18e7-4c87-bd38-0131882f1b8d,,36728d5b-40cd-46ec-93ba-8822376b565d
2026-04-25,AAL,3717,ORD,LSE,3,H1A,,2,false,,2026-04-25T08:11,2026-04-25T08:04,2026-04-25T08:21,2026-04-25T08:30,2026-04-25T09:25,2026-04-25T09:15,2026-04-25T09:35,2026-04-25T09:18,Embraer 175,N247NN,,,,,,,9a2f7854-d29d-4ce7-8401-08a435e9b6bb,ae1fc6a5-c42d-4e70-ba63-d641d248d270,a5eff314-18e7-4c87-bd38-0131882f1b8d,583619fe-07a0-4eb1-9867-1c57b0b3a720,,36728d5b-40cd-46ec-93ba-8822376b565d
2026-04-25,AAL,3966,LSE,ORD,,2,3,K2,false,,2026-04-25T10:05,2026-04-25T09:59,2026-04-25T10:15,2026-04-25T10:12,2026-04-25T11:20,2026-04-25T10:51,2026-04-25T11:30,2026-04-25T11:11,Embraer 175,N247NN,,,,,,,c5e86668-6df3-491b-a769-53fb595709df,ae1fc6a5-c42d-4e70-ba63-d641d248d270,583619fe-07a0-4eb1-9867-1c57b0b3a720,a5eff314-18e7-4c87-bd38-0131882f1b8d,,36728d5b-40cd-46ec-93ba-8822376b565d
2026-04-25,AAL,3906,ORD,XNA,3,H4,Main,A7,false,,2026-04-25T13:36,2026-04-25T13:32,2026-04-25T13:46,2026-04-25T13:49,2026-04-25T15:28,2026-04-25T15:08,2026-04-25T15:38,2026-04-25T15:11,Embraer 175,N277NN,,,,,,,8138fd7f-c79a-4702-a551-9e05e552cfb8,ae1fc6a5-c42d-4e70-ba63-d641d248d270,a5eff314-18e7-4c87-bd38-0131882f1b8d,45607010-8aec-4ccb-a3cf-2880da46e289,,36728d5b-40cd-46ec-93ba-8822376b565d
2026-04-26,AAL,3824,XNA,DCA,Main,A2,2,E52,false,,2026-04-26T07:15,2026-04-26T07:06,2026-04-26T07:25,2026-04-26T07:18,2026-04-26T10:43,2026-04-26T10:24,2026-04-26T10:53,2026-04-26T10:27,Embraer 175,N267NN,,,,,,,fa922685-8214-40f5-b971-dd135024e579,ae1fc6a5-c42d-4e70-ba63-d641d248d270,45607010-8aec-4ccb-a3cf-2880da46e289,be38c6f9-3dd7-41e2-baf8-929dbd2b54f3,,36728d5b-40cd-46ec-93ba-8822376b565d
2026-05-02,AAL,4317,MIA,AXA,N,D60J,,,false,,2026-05-02T13:17,2026-05-02T13:13,2026-05-02T13:27,2026-05-02T13:29,2026-05-02T16:07,2026-05-02T16:02,2026-05-02T16:17,2026-05-02T16:04,Embraer 170,N339HG,,,,,,,106c7cce-62e8-461c-b922-af8c8431ca82,ae1fc6a5-c42d-4e70-ba63-d641d248d270,2a44ac82-ae36-48d1-87c0-e8cbb31ce45f,83ca6a02-f8f4-4014-b4ff-e47dddb8abf3,,2acf1934-38ee-4709-8efa-7018f9be5222
2026-05-02,AAL,3420,AXA,MIA,,1,N,D55,false,,2026-05-02T16:57,2026-05-02T16:40,2026-05-02T17:07,2026-05-02T16:55,2026-05-02T20:00,2026-05-02T19:56,2026-05-02T20:10,2026-05-02T20:08,Embraer 175,N339HG,,,,,,,55c09d0d-3989-4619-8b7c-7ecc89c2a87b,ae1fc6a5-c42d-4e70-ba63-d641d248d270,83ca6a02-f8f4-4014-b4ff-e47dddb8abf3,2a44ac82-ae36-48d1-87c0-e8cbb31ce45f,,01329aa5-421f-4d6e-844d-0f44b13e0edb
2026-05-03,AAL,3969,MIA,CVG,N,D60N,3,B16,false,,2026-05-03T22:06,2026-05-03T22:03,2026-05-03T22:16,2026-05-03T22:30,2026-05-04T00:44,2026-05-04T00:39,2026-05-04T00:54,2026-05-04T00:43,Embraer 170,N341MB,,,,,,,0898052f-44ef-491e-910f-d37697d98ffe,ae1fc6a5-c42d-4e70-ba63-d641d248d270,2a44ac82-ae36-48d1-87c0-e8cbb31ce45f,d1a147c1-c486-4b4b-a744-65bf7018d1bc,,2acf1934-38ee-4709-8efa-7018f9be5222
2026-05-05,AAL,3553,CVG,MIA,3,B12,N,D60F,false,,2026-05-05T06:00,2026-05-05T05:54,2026-05-05T06:10,2026-05-05T06:08,2026-05-05T08:28,2026-05-05T08:08,2026-05-05T08:38,2026-05-05T08:14,Embraer 175,N335JS,,,,,,,9af5ff52-de31-42f3-901a-cd45484992be,ae1fc6a5-c42d-4e70-ba63-d641d248d270,d1a147c1-c486-4b4b-a744-65bf7018d1bc,2a44ac82-ae36-48d1-87c0-e8cbb31ce45f,,36728d5b-40cd-46ec-93ba-8822376b565d
2026-05-05,AAL,3416,MIA,ELH,N,D60M,,,false,,2026-05-05T10:00,2026-05-05T09:57,2026-05-05T10:10,2026-05-05T10:18,2026-05-05T11:03,2026-05-05T10:55,2026-05-05T11:13,2026-05-05T11:00,Embraer 175,N229NN,,,,,,,e3daec25-d64b-45fc-aff4-2a8226c6a2e4,ae1fc6a5-c42d-4e70-ba63-d641d248d270,2a44ac82-ae36-48d1-87c0-e8cbb31ce45f,32f99574-06b4-42d5-9324-e47054ede20a,,36728d5b-40cd-46ec-93ba-8822376b565d
2026-05-06,AAL,4237,MIA,EIS,N,D60J,,,false,,2026-05-06T10:10,2026-05-06T10:04,2026-05-06T10:20,2026-05-06T10:22,2026-05-06T12:57,2026-05-06T12:38,2026-05-06T13:07,2026-05-06T12:41,Embraer 175,N200NN,,,,,,,048ea426-1e9d-4d09-a3c8-241edf5bab10,ae1fc6a5-c42d-4e70-ba63-d641d248d270,2a44ac82-ae36-48d1-87c0-e8cbb31ce45f,62505d2a-a52b-49e5-af84-419cff971807,,36728d5b-40cd-46ec-93ba-8822376b565d
2026-05-06,AAL,3989,EIS,MIA,,4,N,D60H,false,,2026-05-06T13:47,2026-05-06T13:22,2026-05-06T13:57,2026-05-06T13:33,2026-05-06T16:41,2026-05-06T16:06,2026-05-06T16:51,2026-05-06T16:13,Embraer 175,N200NN,,,,,,,c916437f-ec7f-4aaf-bd3f-7541f9edf65b,ae1fc6a5-c42d-4e70-ba63-d641d248d270,62505d2a-a52b-49e5-af84-419cff971807,2a44ac82-ae36-48d1-87c0-e8cbb31ce45f,,36728d5b-40cd-46ec-93ba-8822376b565d
2026-05-07,AAL,4138,MIA,MID,N,D60C,,C3,false,,2026-05-07T14:25,2026-05-07T14:16,2026-05-07T14:35,2026-05-07T14:29,2026-05-07T14:28,2026-05-07T14:16,2026-05-07T14:38,2026-05-07T14:21,Embraer 175,N222NS,,,,,,,f4c041a6-be07-4f4b-801d-157f2ad974d1,ae1fc6a5-c42d-4e70-ba63-d641d248d270,2a44ac82-ae36-48d1-87c0-e8cbb31ce45f,c504edac-29e7-4a01-ad7d-a53373931ca2,,36728d5b-40cd-46ec-93ba-8822376b565d
2026-05-07,AAL,4138,MID,MIA,,C3,N,D55,false,,2026-05-07T15:18,2026-05-07T15:10,2026-05-07T15:28,2026-05-07T15:24,2026-05-07T19:07,2026-05-07T19:04,2026-05-07T19:17,2026-05-07T19:08,Embraer 175,N222NS,,,,,,,cd0d105c-3cba-434b-98ec-36ba3da15b95,ae1fc6a5-c42d-4e70-ba63-d641d248d270,c504edac-29e7-4a01-ad7d-a53373931ca2,2a44ac82-ae36-48d1-87c0-e8cbb31ce45f,,36728d5b-40cd-46ec-93ba-8822376b565d
2026-05-10,AAL,4237,MIA,EIS,N,D60P,,,false,,2026-05-10T10:10,2026-05-10T10:04,2026-05-10T10:20,2026-05-10T10:17,2026-05-10T12:57,2026-05-10T12:36,2026-05-10T13:07,2026-05-10T12:37,Embraer 175,N334CR,,,,,,,c63e0e8f-a929-4910-8a4c-4d60ad8adfca,ae1fc6a5-c42d-4e70-ba63-d641d248d270,2a44ac82-ae36-48d1-87c0-e8cbb31ce45f,62505d2a-a52b-49e5-af84-419cff971807,,36728d5b-40cd-46ec-93ba-8822376b565d
2026-05-10,AAL,3989,EIS,MIA,,4,N,D60E,false,,2026-05-10T13:47,2026-05-10T13:16,2026-05-10T13:57,2026-05-10T13:27,2026-05-10T16:41,2026-05-10T15:51,2026-05-10T16:51,2026-05-10T15:56,Embraer 175,N334CR,,,,,,,6b2be07c-b56f-4885-9036-6f19f1737072,ae1fc6a5-c42d-4e70-ba63-d641d248d270,62505d2a-a52b-49e5-af84-419cff971807,2a44ac82-ae36-48d1-87c0-e8cbb31ce45f,,36728d5b-40cd-46ec-93ba-8822376b565d
2026-05-11,AAL,3946,MIA,TQO,N,D60N,,D3A,false,,2026-05-11T12:31,2026-05-11T12:31,2026-05-11T12:41,2026-05-11T12:50,2026-05-11T13:26,2026-05-11T13:28,2026-05-11T13:36,2026-05-11T13:32,Embraer 170,N341MB,,,,,,,47ad2dd3-b32a-402f-a402-744dc652d6a6,ae1fc6a5-c42d-4e70-ba63-d641d248d270,2a44ac82-ae36-48d1-87c0-e8cbb31ce45f,949f2722-6aad-493b-8e03-bfd8aade5420,,2acf1934-38ee-4709-8efa-7018f9be5222
2026-05-11,AAL,3946,TQO,MIA,T1,D3A,NORTH,D60B,false,,2026-05-11T14:25,2026-05-11T14:20,2026-05-11T14:35,2026-05-11T14:33,2026-05-11T17:05,2026-05-11T16:56,2026-05-11T17:15,2026-05-11T17:00,Embraer 170,N341MB,,,,,,,2f61d928-6a93-48a5-baeb-a76a0ac03faf,ae1fc6a5-c42d-4e70-ba63-d641d248d270,949f2722-6aad-493b-8e03-bfd8aade5420,2a44ac82-ae36-48d1-87c0-e8cbb31ce45f,,2acf1934-38ee-4709-8efa-7018f9be5222
2026-05-11,AAL,3756,MIA,MTY,N,D53,A,202,false,,2026-05-11T19:09,2026-05-11T19:07,2026-05-11T19:19,2026-05-11T19:23,2026-05-11T20:40,2026-05-11T20:31,2026-05-11T20:50,2026-05-11T20:38,Embraer 175,N283NN,,,,,,,b9098c23-0cbe-41ee-bf23-316d6c3431e1,ae1fc6a5-c42d-4e70-ba63-d641d248d270,2a44ac82-ae36-48d1-87c0-e8cbb31ce45f,5a2b0533-be12-4c83-838d-063ba4ca3526,,36728d5b-40cd-46ec-93ba-8822376b565d
2026-05-12,AAL,3403,MTY,DFW,A,7,B,B2,false,,2026-05-12T16:49,2026-05-12T16:45,2026-05-12T16:59,2026-05-12T16:57,2026-05-12T19:29,2026-05-12T19:15,2026-05-12T19:39,2026-05-12T19:22,Embraer 175,N259NN,,,,,,,0cf86ea5-f1de-4ba4-993e-5b8d58d5bc72,ae1fc6a5-c42d-4e70-ba63-d641d248d270,5a2b0533-be12-4c83-838d-063ba4ca3526,1573100e-e4a3-47b0-9399-01b36074e1f5,,36728d5b-40cd-46ec-93ba-8822376b565d
2026-05-12,AAL,4034,DFW,MLI,B,B21,,A4,false,,2026-05-12T21:21,2026-05-12T21:18,2026-05-12T21:31,2026-05-12T21:39,2026-05-12T23:16,2026-05-12T23:22,2026-05-12T23:26,2026-05-12T23:26,Embraer 170,N791DK,,,,,,,8b8940d0-1d6a-43ed-beec-fbd65ee34d7e,ae1fc6a5-c42d-4e70-ba63-d641d248d270,1573100e-e4a3-47b0-9399-01b36074e1f5,599b6a45-02e3-4ff2-856a-1262aeec00cc,,2acf1934-38ee-4709-8efa-7018f9be5222
2026-05-13,AAL,3361,MLI,DFW,,A4,B,B47,false,,2026-05-13T12:04,2026-05-13T11:58,2026-05-13T12:14,2026-05-13T12:11,2026-05-13T14:14,2026-05-13T13:51,2026-05-13T14:24,2026-05-13T14:01,Embraer 175,N267NN,,,,,,,4781a0b1-6275-486e-ac78-bfb5069ea959,ae1fc6a5-c42d-4e70-ba63-d641d248d270,599b6a45-02e3-4ff2-856a-1262aeec00cc,1573100e-e4a3-47b0-9399-01b36074e1f5,,36728d5b-40cd-46ec-93ba-8822376b565d
2026-05-13,AAL,4089,DFW,BHM,B,B25,,B3,false,,2026-05-13T15:32,2026-05-13T15:23,2026-05-13T15:42,2026-05-13T15:37,2026-05-13T17:13,2026-05-13T16:58,2026-05-13T17:23,2026-05-13T17:05,Embraer 175,N236NN,,,,,,,478a4317-913e-4c78-b710-83660224453c,ae1fc6a5-c42d-4e70-ba63-d641d248d270,1573100e-e4a3-47b0-9399-01b36074e1f5,ad30c1c9-c6fb-42f3-a389-de328401691a,,36728d5b-40cd-46ec-93ba-8822376b565d
2026-05-14,AAL,3423,BHM,MIA,,A2,N,D60F,false,,2026-05-14T06:00,2026-05-14T05:54,2026-05-14T06:10,2026-05-14T06:07,2026-05-14T08:50,2026-05-14T08:39,2026-05-14T09:00,2026-05-14T08:49,Embraer 175,N203NN,,,,,,,3ebee8de-3bd1-4d95-8828-793c7bccb378,ae1fc6a5-c42d-4e70-ba63-d641d248d270,ad30c1c9-c6fb-42f3-a389-de328401691a,2a44ac82-ae36-48d1-87c0-e8cbb31ce45f,,36728d5b-40cd-46ec-93ba-8822376b565d
2026-05-15,AAL,4237,MIA,EIS,N,D60Q,,,false,,2026-05-15T10:10,2026-05-15T10:02,2026-05-15T10:20,2026-05-15T10:21,2026-05-15T12:57,2026-05-15T12:51,2026-05-15T13:07,2026-05-15T12:53,Embraer 175,N283NN,,,,,,,1e6029a2-1f50-4941-b184-dbdcf471348e,ae1fc6a5-c42d-4e70-ba63-d641d248d270,2a44ac82-ae36-48d1-87c0-e8cbb31ce45f,62505d2a-a52b-49e5-af84-419cff971807,,36728d5b-40cd-46ec-93ba-8822376b565d
2026-05-15,AAL,3989,EIS,MIA,,4,N,D53,false,,2026-05-15T13:47,2026-05-15T14:09,2026-05-15T13:57,2026-05-15T14:20,2026-05-15T16:41,2026-05-15T16:52,2026-05-15T16:51,2026-05-15T16:58,Embraer 175,N283NN,,,,,,,e2d44a1a-eadc-4df3-8908-b75de1b3f7bc,ae1fc6a5-c42d-4e70-ba63-d641d248d270,62505d2a-a52b-49e5-af84-419cff971807,2a44ac82-ae36-48d1-87c0-e8cbb31ce45f,,36728d5b-40cd-46ec-93ba-8822376b565d
2026-05-21,AAL,4007,MIA,OCJ,N,D60C,,1,false,,2026-05-21T12:09,2026-05-21T12:01,2026-05-21T12:19,2026-05-21T12:15,2026-05-21T12:58,2026-05-21T12:33,2026-05-21T13:08,2026-05-21T12:38,Embraer 175,N326CJ,,,,,,,9467049f-aeeb-4ec2-85cb-152e9fd77d31,ae1fc6a5-c42d-4e70-ba63-d641d248d270,2a44ac82-ae36-48d1-87c0-e8cbb31ce45f,739af5db-924e-4b32-b3ac-823eccdee7b0,,36728d5b-40cd-46ec-93ba-8822376b565d
2026-05-21,AAL,4007,OCJ,MIA,,1,N,D60H,false,,2026-05-21T13:48,2026-05-21T13:33,2026-05-21T13:58,2026-05-21T13:45,2026-05-21T16:24,2026-05-21T16:07,2026-05-21T16:34,2026-05-21T16:11,Embraer 175,N326CJ,,,,,,,5e418778-9901-4ee1-9f91-2277124d2b3d,ae1fc6a5-c42d-4e70-ba63-d641d248d270,739af5db-924e-4b32-b3ac-823eccdee7b0,2a44ac82-ae36-48d1-87c0-e8cbb31ce45f,,36728d5b-40cd-46ec-93ba-8822376b565d
2026-05-21,AAL,3756,MIA,MTY,N,D60L,A,202,false,,2026-05-21T19:09,2026-05-21T18:58,2026-05-21T19:19,2026-05-21T19:12,2026-05-21T20:33,2026-05-21T20:14,2026-05-21T20:43,2026-05-21T20:20,Embraer 175,N230NN,,,,,,,da7f989f-0794-45ae-843e-d9ffe2606bb9,ae1fc6a5-c42d-4e70-ba63-d641d248d270,2a44ac82-ae36-48d1-87c0-e8cbb31ce45f,5a2b0533-be12-4c83-838d-063ba4ca3526,,36728d5b-40cd-46ec-93ba-8822376b565d
2026-05-22,AAL,3340,MTY,DFW,A,7,B,B3,false,,2026-05-22T10:09,2026-05-22T10:08,2026-05-22T10:19,2026-05-22T10:24,2026-05-22T12:51,2026-05-22T12:42,2026-05-22T13:01,2026-05-22T12:48,Embraer 175,N244NN,,,,,,,ab56abf9-f310-4257-80ff-ccd03203f681,ae1fc6a5-c42d-4e70-ba63-d641d248d270,5a2b0533-be12-4c83-838d-063ba4ca3526,1573100e-e4a3-47b0-9399-01b36074e1f5,,36728d5b-40cd-46ec-93ba-8822376b565d
2026-05-22,AAL,3730,DFW,OKC,B,B31,,8,false,,2026-05-22T15:04,2026-05-22T15:00,2026-05-22T15:24,2026-05-22T15:14,2026-05-22T16:02,2026-05-22T15:54,2026-05-22T16:08,2026-05-22T15:59,Embraer 175,N272NN,,,,,,,d7e4f7a3-aef8-4922-b7d0-a2f626e1dcfa,ae1fc6a5-c42d-4e70-ba63-d641d248d270,1573100e-e4a3-47b0-9399-01b36074e1f5,5cb89162-7a17-4d59-966d-1186bde4b88d,,36728d5b-40cd-46ec-93ba-8822376b565d
2026-05-23,AAL,3679,OKC,MIA,,1,N,D60H,false,,2026-05-23T07:07,2026-05-23T07:46,2026-05-23T07:17,2026-05-23T08:01,2026-05-23T11:05,2026-05-23T11:42,2026-05-23T11:15,2026-05-23T11:51,Embraer 175,N288NN,,,,,,,30eb32f0-21ff-4523-b644-4bf769e1701d,ae1fc6a5-c42d-4e70-ba63-d641d248d270,5cb89162-7a17-4d59-966d-1186bde4b88d,2a44ac82-ae36-48d1-87c0-e8cbb31ce45f,,36728d5b-40cd-46ec-93ba-8822376b565d
2026-05-23,AAL,3783,MIA,ILM,N,D60H,Main,9,false,,2026-05-23T16:48,2026-05-23T16:40,2026-05-23T16:58,2026-05-23T16:52,2026-05-23T18:39,2026-05-23T18:19,2026-05-23T18:49,2026-05-23T18:22,Embraer 175,N256NN,,,,,,,8f5daaaa-7074-4b3d-9d65-792f735d750e,ae1fc6a5-c42d-4e70-ba63-d641d248d270,2a44ac82-ae36-48d1-87c0-e8cbb31ce45f,8ab304b6-69b8-41c4-87bb-c483f5d007ae,,36728d5b-40cd-46ec-93ba-8822376b565d
2026-05-24,AAL,3888,ILM,MIA,Main,9,N,D53,false,,2026-05-24T06:00,2026-05-24T05:54,2026-05-24T06:10,2026-05-24T06:10,2026-05-24T07:42,2026-05-24T07:43,2026-05-24T07:52,2026-05-24T07:47,Embraer 175,N277NN,,,,,,,f2f96b1d-8819-4f80-96e8-b556d5462e93,ae1fc6a5-c42d-4e70-ba63-d641d248d270,8ab304b6-69b8-41c4-87bb-c483f5d007ae,2a44ac82-ae36-48d1-87c0-e8cbb31ce45f,,36728d5b-40cd-46ec-93ba-8822376b565d
2026-05-24,AAL,3978,MIA,ELH,N,D60P,,A,false,,2026-05-24T08:47,2026-05-24T08:44,2026-05-24T08:57,2026-05-24T09:04,2026-05-24T09:45,2026-05-24T09:42,2026-05-24T09:55,2026-05-24T09:46,Embraer 175,N257NN,,,,,,,d42504f9-a97b-4b3f-ba28-217f3691276d,ae1fc6a5-c42d-4e70-ba63-d641d248d270,2a44ac82-ae36-48d1-87c0-e8cbb31ce45f,32f99574-06b4-42d5-9324-e47054ede20a,,36728d5b-40cd-46ec-93ba-8822376b565d
2026-05-24,AAL,3978,ELH,MIA,,A,N,D60B,false,,2026-05-24T10:35,2026-05-24T10:24,2026-05-24T10:45,2026-05-24T10:34,2026-05-24T11:32,2026-05-24T11:22,2026-05-24T11:42,2026-05-24T11:26,Embraer 175,N257NN,,,,,,,e7d33cde-6957-441a-9852-260205045d4a,ae1fc6a5-c42d-4e70-ba63-d641d248d270,32f99574-06b4-42d5-9324-e47054ede20a,2a44ac82-ae36-48d1-87c0-e8cbb31ce45f,,36728d5b-40cd-46ec-93ba-8822376b565d
2026-05-25,AAL,3599,MIA,CCS,N,D53,,17,false,,2026-05-25T10:16,2026-05-25T10:12,2026-05-25T10:26,2026-05-25T10:27,2026-05-25T13:26,2026-05-25T13:20,2026-05-25T13:36,2026-05-25T13:32,Embraer 175,N311VE,,,,,,,ad3e1349-6eba-45c6-948f-bc4ea55b6a3f,ae1fc6a5-c42d-4e70-ba63-d641d248d270,2a44ac82-ae36-48d1-87c0-e8cbb31ce45f,7aadbfa7-6a17-4dc8-a698-173507450a26,,36728d5b-40cd-46ec-93ba-8822376b565d
2026-05-25,AAL,4194,CCS,MIA,I,17,NORTH,D55,false,,2026-05-25T14:40,2026-05-25T14:30,2026-05-25T14:50,2026-05-25T14:45,2026-05-25T18:03,2026-05-25T17:50,2026-05-25T18:13,2026-05-25T17:56,Embraer 175,N311VE,,,,,,,1c7adf2e-880c-498c-8d65-1cc902a6a797,ae1fc6a5-c42d-4e70-ba63-d641d248d270,7aadbfa7-6a17-4dc8-a698-173507450a26,2a44ac82-ae36-48d1-87c0-e8cbb31ce45f,,36728d5b-40cd-46ec-93ba-8822376b565d
2026-05-29,AAL,4057,MIA,CLE,N,D60Q,Main,C7,false,,2026-05-29T15:31,2026-05-29T15:27,2026-05-29T15:41,2026-05-29T15:42,2026-05-29T18:23,2026-05-29T18:09,2026-05-29T18:33,2026-05-29T18:15,Embraer 175,N306DD,,,,,,,c1ceb8e0-05a7-4286-bc0d-6e2902f24c6c,ae1fc6a5-c42d-4e70-ba63-d641d248d270,2a44ac82-ae36-48d1-87c0-e8cbb31ce45f,c3e92536-273d-40e5-8464-45836fa4a427,,36728d5b-40cd-46ec-93ba-8822376b565d
2026-05-29,AAL,4057,CLE,MIA,Main,C7,N,D60N,false,,2026-05-29T19:03,2026-05-29T18:56,2026-05-29T19:13,2026-05-29T19:08,2026-05-29T21:50,2026-05-29T21:56,2026-05-29T22:00,2026-05-29T22:05,Embraer 175,N306DD,,,,,,,2a27514f-2d13-449f-bd14-d30c075a1a3b,ae1fc6a5-c42d-4e70-ba63-d641d248d270,c3e92536-273d-40e5-8464-45836fa4a427,2a44ac82-ae36-48d1-87c0-e8cbb31ce45f,,36728d5b-40cd-46ec-93ba-8822376b565d
2026-05-29,AAL,4071,MIA,SRQ,N,D60N,Main,B1,false,,2026-05-29T22:56,2026-05-29T22:59,2026-05-29T23:06,2026-05-29T23:25,2026-05-29T23:49,2026-05-30T00:00,2026-05-29T23:59,2026-05-30T00:05,Embraer 175,N306DD,,,,,,,f6833082-ab77-43cc-b9dc-d986d90d10c8,ae1fc6a5-c42d-4e70-ba63-d641d248d270,2a44ac82-ae36-48d1-87c0-e8cbb31ce45f,70d228fc-748f-4351-a960-7507b99d1e45,,36728d5b-40cd-46ec-93ba-8822376b565d
2026-05-30,AAL,3403,SRQ,ORD,Main,B3,3,L26,false,,2026-05-30T17:44,2026-05-30T18:01,2026-05-30T17:54,2026-05-30T18:10,2026-05-30T19:57,2026-05-30T19:46,2026-05-30T20:07,2026-05-30T20:10,Embraer 175,N217NN,,,,,,,80ebeec0-5755-488a-ac6a-596020a294b2,ae1fc6a5-c42d-4e70-ba63-d641d248d270,70d228fc-748f-4351-a960-7507b99d1e45,a5eff314-18e7-4c87-bd38-0131882f1b8d,,36728d5b-40cd-46ec-93ba-8822376b565d
2026-05-31,AAL,3540,ORD,CMH,3,H5,Main,B23,false,,2026-05-31T16:25,2026-05-31T16:21,2026-05-31T16:35,2026-05-31T16:40,2026-05-31T18:50,2026-05-31T18:26,2026-05-31T19:00,2026-05-31T18:32,Embraer 175,N326CJ,,,,,,,fdb97d86-0401-45c8-b6d5-0d028c2bf0a5,ae1fc6a5-c42d-4e70-ba63-d641d248d270,a5eff314-18e7-4c87-bd38-0131882f1b8d,5a1c00de-6e4e-4b43-9404-25948e941c8a,,36728d5b-40cd-46ec-93ba-8822376b565d
2026-06-01,AAL,3667,CMH,MIA,Main,B24,N,D60K,false,,2026-06-01T06:35,2026-06-01T06:33,2026-06-01T06:45,2026-06-01T06:45,2026-06-01T09:10,2026-06-01T08:49,2026-06-01T09:20,2026-06-01T08:57,Embraer 175,N273NN,,,,,,,0cc8462d-c1c9-4df6-bace-aef2bedb3a71,ae1fc6a5-c42d-4e70-ba63-d641d248d270,5a1c00de-6e4e-4b43-9404-25948e941c8a,2a44ac82-ae36-48d1-87c0-e8cbb31ce45f,,36728d5b-40cd-46ec-93ba-8822376b565d
2026-06-03,AAL,3363,MIA,EIS,N,D60E,,,false,,2026-06-03T08:44,2026-06-03T08:35,2026-06-03T08:54,2026-06-03T08:59,2026-06-03T11:32,2026-06-03T11:20,2026-06-03T11:42,2026-06-03T11:23,Embraer 175,N234JW,,,,,,,f4e19092-057b-4fe8-a829-4cb19d2566d5,ae1fc6a5-c42d-4e70-ba63-d641d248d270,2a44ac82-ae36-48d1-87c0-e8cbb31ce45f,62505d2a-a52b-49e5-af84-419cff971807,,36728d5b-40cd-46ec-93ba-8822376b565d
2026-06-05,AAL,3820,MIA,TLH,N,D60N,,A3,false,,2026-06-05T07:35,2026-06-05T07:30,2026-06-05T07:45,2026-06-05T07:43,2026-06-05T08:52,2026-06-05T08:46,2026-06-05T09:02,2026-06-05T08:52,Embraer 175,N208AN,,,,,,,5b7df7d5-7396-4223-8fd9-509c841cf510,ae1fc6a5-c42d-4e70-ba63-d641d248d270,2a44ac82-ae36-48d1-87c0-e8cbb31ce45f,cccd7373-fc41-40f6-a00c-07f56f9706f5,,36728d5b-40cd-46ec-93ba-8822376b565d
2026-06-06,AAL,3858,TLH,MIA,,A3,N,D60H,false,,2026-06-06T06:00,2026-06-06T05:54,2026-06-06T06:10,2026-06-06T06:09,2026-06-06T07:16,2026-06-06T07:13,2026-06-06T07:26,2026-06-06T07:17,Embraer 175,N248NN,,,,,,,ad67955a-fa4d-4f37-9db3-fcdb144f783d,ae1fc6a5-c42d-4e70-ba63-d641d248d270,cccd7373-fc41-40f6-a00c-07f56f9706f5,2a44ac82-ae36-48d1-87c0-e8cbb31ce45f,,36728d5b-40cd-46ec-93ba-8822376b565d
2026-06-06,AAL,3717,SRQ,MIA,Main,B3,N,D60P,false,,2026-06-06T10:04,2026-06-06T09:53,2026-06-06T10:14,2026-06-06T10:05,2026-06-06T11:01,2026-06-06T10:42,2026-06-06T11:11,2026-06-06T10:46,Embraer 175,N248NN,,,,,,,a65363bb-1635-428b-ab84-c4658a00c0a6,ae1fc6a5-c42d-4e70-ba63-d641d248d270,70d228fc-748f-4351-a960-7507b99d1e45,2a44ac82-ae36-48d1-87c0-e8cbb31ce45f,,36728d5b-40cd-46ec-93ba-8822376b565d
2026-06-06,AAL,3355,MIA,ELH,N,D60P,,A,false,,2026-06-06T12:05,2026-06-06T12:01,2026-06-06T12:15,2026-06-06T12:20,2026-06-06T13:02,2026-06-06T12:58,2026-06-06T13:12,2026-06-06T13:04,Embraer 175,N248NN,,,,,,,893ed2c3-f61d-47b4-aba8-591d29417435,ae1fc6a5-c42d-4e70-ba63-d641d248d270,2a44ac82-ae36-48d1-87c0-e8cbb31ce45f,32f99574-06b4-42d5-9324-e47054ede20a,,36728d5b-40cd-46ec-93ba-8822376b565d
2026-06-06,AAL,3355,ELH,MIA,,A,N,D60H,false,,2026-06-06T13:52,2026-06-06T13:42,2026-06-06T14:02,2026-06-06T13:56,2026-06-06T14:49,2026-06-06T14:43,2026-06-06T14:59,2026-06-06T14:47,Embraer 175,N248NN,,,,,,,8cbf1a68-59e8-433a-9be9-a0c483ada8f3,ae1fc6a5-c42d-4e70-ba63-d641d248d270,32f99574-06b4-42d5-9324-e47054ede20a,2a44ac82-ae36-48d1-87c0-e8cbb31ce45f,,36728d5b-40cd-46ec-93ba-8822376b565d
2026-06-07,AAL,3743,MIA,PNS,N,D60L,,5,false,,2026-06-07T17:55,2026-06-07T17:44,2026-06-07T18:05,2026-06-07T18:03,2026-06-07T18:42,2026-06-07T18:26,2026-06-07T18:52,2026-06-07T18:44,Embraer 175,N243NN,,,,,,,c89d6f12-999e-4cb7-b1d3-b2ad0056aab7,ae1fc6a5-c42d-4e70-ba63-d641d248d270,2a44ac82-ae36-48d1-87c0-e8cbb31ce45f,ddedb396-2e12-42ba-b38d-65535e4db2a3,,36728d5b-40cd-46ec-93ba-8822376b565d
2026-06-07,AAL,3743,PNS,MIA,,5,N,D60M,false,,2026-06-07T19:24,2026-06-07T19:11,2026-06-07T19:34,2026-06-07T19:23,2026-06-07T22:00,2026-06-07T21:42,2026-06-07T22:10,2026-06-07T21:58,Embraer 175,N243NN,,,,,,,5f8edc6b-db6f-48dc-80aa-47921a5ce5c8,ae1fc6a5-c42d-4e70-ba63-d641d248d270,ddedb396-2e12-42ba-b38d-65535e4db2a3,2a44ac82-ae36-48d1-87c0-e8cbb31ce45f,,36728d5b-40cd-46ec-93ba-8822376b565d
2026-06-07,AAL,4109,MIA,PNS,N,D60M,,5,false,,2026-06-07T23:10,2026-06-07T22:59,2026-06-07T23:20,2026-06-07T23:18,2026-06-07T23:48,2026-06-07T23:35,2026-06-07T23:58,2026-06-08T00:05,Embraer 175,N243NN,,,,,,,953c20a9-14f2-4de4-a1db-26ebfd3e0d59,ae1fc6a5-c42d-4e70-ba63-d641d248d270,2a44ac82-ae36-48d1-87c0-e8cbb31ce45f,ddedb396-2e12-42ba-b38d-65535e4db2a3,,36728d5b-40cd-46ec-93ba-8822376b565d
2026-06-08,AAL,3749,PNS,MIA,,6,N,D60Q,false,,2026-06-08T17:43,2026-06-08T17:29,2026-06-08T17:53,2026-06-08T17:41,2026-06-08T20:21,2026-06-08T20:04,2026-06-08T20:31,2026-06-08T20:09,Embraer 175,N324ES,,,,,,,fce3558d-ba37-4912-8a0f-aff87a9f6864,ae1fc6a5-c42d-4e70-ba63-d641d248d270,ddedb396-2e12-42ba-b38d-65535e4db2a3,2a44ac82-ae36-48d1-87c0-e8cbb31ce45f,,36728d5b-40cd-46ec-93ba-8822376b565d
2026-06-08,AAL,3435,MIA,GSP,N,D60K,,A5,false,,2026-06-08T22:00,2026-06-08T21:48,2026-06-08T22:10,2026-06-08T22:00,2026-06-08T23:49,2026-06-08T23:33,2026-06-08T23:59,2026-06-08T23:47,Embraer 175,N201NN,,,,,,,948223bd-f110-4b01-99de-1fdf75e13ad5,ae1fc6a5-c42d-4e70-ba63-d641d248d270,2a44ac82-ae36-48d1-87c0-e8cbb31ce45f,fb3ebadd-f223-4770-916f-96af2217f02f,,36728d5b-40cd-46ec-93ba-8822376b565d
2026-06-09,AAL,3986,GSP,DFW,,A1,B,B32,false,,2026-06-09T13:37,2026-06-09T13:54,2026-06-09T13:47,2026-06-09T14:05,2026-06-09T15:10,2026-06-09T15:11,2026-06-09T15:20,2026-06-09T15:35,Embraer 175,N245NN,,,,,,,c6208226-719e-46cd-8583-4366c7825fe5,ae1fc6a5-c42d-4e70-ba63-d641d248d270,fb3ebadd-f223-4770-916f-96af2217f02f,1573100e-e4a3-47b0-9399-01b36074e1f5,,36728d5b-40cd-46ec-93ba-8822376b565d
2026-06-09,AAL,3347,DFW,MTY,B,B29,A,202,false,,2026-06-09T16:47,2026-06-09T16:37,2026-06-09T16:57,2026-06-09T17:01,2026-06-09T17:24,2026-06-09T17:19,2026-06-09T17:34,2026-06-09T17:25,Embraer 170,N342KR,,,,,,,d35d42d8-c08f-41c4-8c79-5562cf4de287,ae1fc6a5-c42d-4e70-ba63-d641d248d270,1573100e-e4a3-47b0-9399-01b36074e1f5,5a2b0533-be12-4c83-838d-063ba4ca3526,,2acf1934-38ee-4709-8efa-7018f9be5222
2026-06-10,AAL,3755,MTY,MIA,A,8,N,D60B,false,,2026-06-10T06:00,2026-06-10T05:57,2026-06-10T06:10,2026-06-10T06:27,2026-06-10T11:07,2026-06-10T11:02,2026-06-10T11:17,2026-06-10T11:08,Embraer 175,N324ES,,,,,,,84a1fe2a-5a4b-498c-8d4f-c9630e302f35,ae1fc6a5-c42d-4e70-ba63-d641d248d270,5a2b0533-be12-4c83-838d-063ba4ca3526,2a44ac82-ae36-48d1-87c0-e8cbb31ce45f,,36728d5b-40cd-46ec-93ba-8822376b565d
2026-06-13,AAL,3633,MIA,EIS,N,D53,,,false,,2026-06-13T08:10,2026-06-13T08:04,2026-06-13T08:20,2026-06-13T08:19,2026-06-13T10:53,2026-06-13T10:43,2026-06-13T11:03,2026-06-13T10:45,Embraer 175,N274NN,,,,,,,eeaa3533-3e65-49f2-98b5-0cb94b3b5850,ae1fc6a5-c42d-4e70-ba63-d641d248d270,2a44ac82-ae36-48d1-87c0-e8cbb31ce45f,62505d2a-a52b-49e5-af84-419cff971807,,36728d5b-40cd-46ec-93ba-8822376b565d
2026-06-13,AAL,3633,EIS,MIA,,4,N,D60B,false,,2026-06-13T11:43,2026-06-13T11:22,2026-06-13T11:53,2026-06-13T11:33,2026-06-13T14:34,2026-06-13T14:00,2026-06-13T14:44,2026-06-13T14:05,Embraer 175,N274NN,,,,,,,7eaa730f-b819-4225-b932-004c84317b0c,ae1fc6a5-c42d-4e70-ba63-d641d248d270,62505d2a-a52b-49e5-af84-419cff971807,2a44ac82-ae36-48d1-87c0-e8cbb31ce45f,,36728d5b-40cd-46ec-93ba-8822376b565d
2026-06-14,AAL,3550,MIA,CMH,N,D60F,Main,HGR,false,,2026-06-14T21:50,2026-06-14T21:51,2026-06-14T22:00,2026-06-14T22:08,2026-06-15T00:35,2026-06-15T00:17,2026-06-15T00:45,2026-06-15T00:30,Embraer 175,N250NN,,,,,,,b1657df2-f298-43fe-b929-4e461d035d50,ae1fc6a5-c42d-4e70-ba63-d641d248d270,2a44ac82-ae36-48d1-87c0-e8cbb31ce45f,5a1c00de-6e4e-4b43-9404-25948e941c8a,,36728d5b-40cd-46ec-93ba-8822376b565d
2026-06-15,AAL,4085,CMH,MIA,Main,B24,N,D60C,false,,2026-06-15T18:13,2026-06-15T18:07,2026-06-15T18:23,2026-06-15T18:27,2026-06-15T20:48,2026-06-15T20:52,2026-06-15T20:58,2026-06-15T20:57,Embraer 175,N293NN,,,,,,,b5e129ee-4780-4a44-bfdd-562a6608238a,ae1fc6a5-c42d-4e70-ba63-d641d248d270,5a1c00de-6e4e-4b43-9404-25948e941c8a,2a44ac82-ae36-48d1-87c0-e8cbb31ce45f,,36728d5b-40cd-46ec-93ba-8822376b565d
2026-06-15,AAL,3550,MIA,CMH,N,D60R,Main,HGR,false,,2026-06-15T21:50,2026-06-15T21:47,2026-06-15T22:00,2026-06-15T22:06,2026-06-16T00:35,2026-06-16T00:17,2026-06-16T00:45,2026-06-16T00:23,Embraer 175,N250NN,,,,,,,34a0bb77-8f64-4f2e-ac25-ce8e34d4dfff,ae1fc6a5-c42d-4e70-ba63-d641d248d270,2a44ac82-ae36-48d1-87c0-e8cbb31ce45f,5a1c00de-6e4e-4b43-9404-25948e941c8a,,36728d5b-40cd-46ec-93ba-8822376b565d
2026-06-16,AAL,3961,CMH,ORD,Main,B20,3,H2,false,,2026-06-16T14:10,2026-06-16T14:00,2026-06-16T14:20,2026-06-16T14:25,2026-06-16T14:34,2026-06-16T14:17,2026-06-16T14:44,2026-06-16T14:30,Embraer 175,N277NN,,,,,,,b327d030-972c-41d1-a3cc-a3e7b5bcff87,ae1fc6a5-c42d-4e70-ba63-d641d248d270,5a1c00de-6e4e-4b43-9404-25948e941c8a,a5eff314-18e7-4c87-bd38-0131882f1b8d,,36728d5b-40cd-46ec-93ba-8822376b565d
2026-06-16,AAL,3950,ORD,CVG,3,H2,3,B18,false,,2026-06-16T15:29,2026-06-16T15:39,2026-06-16T15:39,2026-06-16T15:57,2026-06-16T17:45,2026-06-16T17:42,2026-06-16T17:55,2026-06-16T17:47,Embraer 175,N277NN,,,,,,,d0d7c363-feeb-4375-a4eb-6b4373d291a0,ae1fc6a5-c42d-4e70-ba63-d641d248d270,a5eff314-18e7-4c87-bd38-0131882f1b8d,d1a147c1-c486-4b4b-a744-65bf7018d1bc,,36728d5b-40cd-46ec-93ba-8822376b565d
2026-06-16,AAL,3487,CVG,MIA,3,B18,N,D60R,false,,2026-06-16T18:26,2026-06-16T18:25,2026-06-16T18:36,2026-06-16T18:33,2026-06-16T20:54,2026-06-16T20:39,2026-06-16T21:04,2026-06-16T20:45,Embraer 175,N277NN,,,,,,,574a841e-83bb-4a0d-bfa3-94eb5fbebb31,ae1fc6a5-c42d-4e70-ba63-d641d248d270,d1a147c1-c486-4b4b-a744-65bf7018d1bc,2a44ac82-ae36-48d1-87c0-e8cbb31ce45f,,36728d5b-40cd-46ec-93ba-8822376b565d
2026-06-16,AAL,3435,MIA,GSP,N,D60R,,A1,false,,2026-06-16T22:00,2026-06-16T21:53,2026-06-16T22:10,2026-06-16T22:12,2026-06-16T23:49,2026-06-16T23:41,2026-06-16T23:59,2026-06-16T23:43,Embraer 175,N277NN,,,,,,,54a1a0fd-c622-42c5-a7ef-ee8231bf4b1e,ae1fc6a5-c42d-4e70-ba63-d641d248d270,2a44ac82-ae36-48d1-87c0-e8cbb31ce45f,fb3ebadd-f223-4770-916f-96af2217f02f,,36728d5b-40cd-46ec-93ba-8822376b565d
2026-06-17,AAL,3558,GSP,MIA,,A2,N,D60N,false,,2026-06-17T20:15,2026-06-17T21:04,2026-06-17T20:25,2026-06-17T21:19,2026-06-17T22:00,2026-06-17T23:02,2026-06-17T22:10,2026-06-17T23:07,Embraer 175,N277NN,,,,,,,5fab0309-33b9-43f5-99a9-89b188a5a5a9,ae1fc6a5-c42d-4e70-ba63-d641d248d270,fb3ebadd-f223-4770-916f-96af2217f02f,2a44ac82-ae36-48d1-87c0-e8cbb31ce45f,,36728d5b-40cd-46ec-93ba-8822376b565d
2026-06-19,AAL,3558,MIA,GSP,N,D60K,,A2,false,,2026-06-19T17:40,2026-06-19T17:36,2026-06-19T17:50,2026-06-19T18:03,2026-06-19T19:35,2026-06-19T19:33,2026-06-19T19:45,2026-06-19T19:36,Embraer 175,N265NN,,,,,,,fcd7d3bb-c855-40a4-b10c-2e0b3c813b08,ae1fc6a5-c42d-4e70-ba63-d641d248d270,2a44ac82-ae36-48d1-87c0-e8cbb31ce45f,fb3ebadd-f223-4770-916f-96af2217f02f,,36728d5b-40cd-46ec-93ba-8822376b565d
2026-06-19,AAL,3558,GSP,MIA,,A2,N,D60Q,false,,2026-06-19T20:15,2026-06-19T20:18,2026-06-19T20:25,2026-06-19T20:29,2026-06-19T22:00,2026-06-19T22:57,2026-06-19T22:10,2026-06-19T23:01,Embraer 175,N265NN,,,,,,,ce792d9c-d06c-41c8-b32f-d4da1c5b9f27,ae1fc6a5-c42d-4e70-ba63-d641d248d270,fb3ebadd-f223-4770-916f-96af2217f02f,2a44ac82-ae36-48d1-87c0-e8cbb31ce45f,,36728d5b-40cd-46ec-93ba-8822376b565d
2026-06-19,AAL,3427,MIA,BHM,N,D60B,,A2,false,,2026-06-19T22:55,2026-06-19T23:30,2026-06-19T23:05,2026-06-19T23:48,2026-06-19T23:49,2026-06-20T00:22,2026-06-19T23:59,2026-06-20T00:29,Embraer 175,N221NN,,,,,,,707c875d-500e-4f3c-a223-1b421c5ca971,ae1fc6a5-c42d-4e70-ba63-d641d248d270,2a44ac82-ae36-48d1-87c0-e8cbb31ce45f,ad30c1c9-c6fb-42f3-a389-de328401691a,,36728d5b-40cd-46ec-93ba-8822376b565d
2026-06-20,AAL,3581,BHM,MIA,,B4,N,D60J,false,,2026-06-20T19:16,2026-06-20T20:00,2026-06-20T19:26,2026-06-20T20:18,2026-06-20T22:04,2026-06-20T23:02,2026-06-20T22:14,2026-06-20T23:23,Embraer 175,N272NN,,,,,,,1cf527f1-6e46-4b9d-89dd-c0649d5e8588,ae1fc6a5-c42d-4e70-ba63-d641d248d270,ad30c1c9-c6fb-42f3-a389-de328401691a,2a44ac82-ae36-48d1-87c0-e8cbb31ce45f,,36728d5b-40cd-46ec-93ba-8822376b565d
2026-06-23,AAL,3702,MIA,MSY,N,D60L,Main,B14,false,,2026-06-23T16:48,2026-06-23T16:46,2026-06-23T16:58,2026-06-23T17:02,2026-06-23T17:49,2026-06-23T17:39,2026-06-23T17:59,2026-06-23T17:44,Embraer 175,N282NN,,,,,,,f67c7296-ad55-4e7f-b8f4-e82bbee38bc7,ae1fc6a5-c42d-4e70-ba63-d641d248d270,2a44ac82-ae36-48d1-87c0-e8cbb31ce45f,f874b6f5-ac69-41f2-8cf4-76cf1a1aca9c,,36728d5b-40cd-46ec-93ba-8822376b565d
2026-06-23,AAL,3702,MSY,MIA,Main,B14,N,D60Q,false,,2026-06-23T18:43,2026-06-23T18:34,2026-06-23T18:53,2026-06-23T18:45,2026-06-23T21:31,2026-06-23T21:17,2026-06-23T21:41,2026-06-23T21:23,Embraer 175,N282NN,_null_,,,,,,b7e81d0b-9003-4379-8668-03ba8b2cf828,ae1fc6a5-c42d-4e70-ba63-d641d248d270,f874b6f5-ac69-41f2-8cf4-76cf1a1aca9c,2a44ac82-ae36-48d1-87c0-e8cbb31ce45f,,36728d5b-40cd-46ec-93ba-8822376b565d
2026-06-23,AAL,3585,MIA,TLH,N,D60Q,,A3,false,,2026-06-23T22:30,2026-06-23T22:23,2026-06-23T22:40,2026-06-23T22:38,2026-06-23T23:49,2026-06-23T23:43,2026-06-23T23:59,2026-06-23T23:46,Embraer 175,N282NN,,,,,,,1130aabc-f74d-4211-b1f8-c112b28aebe7,ae1fc6a5-c42d-4e70-ba63-d641d248d270,2a44ac82-ae36-48d1-87c0-e8cbb31ce45f,cccd7373-fc41-40f6-a00c-07f56f9706f5,,36728d5b-40cd-46ec-93ba-8822376b565d
2026-06-25,AAL,3858,TLH,MIA,,A3,N,D60P,false,,2026-06-25T06:00,2026-06-25T05:49,2026-06-25T06:10,2026-06-25T06:05,2026-06-25T07:16,2026-06-25T07:04,2026-06-25T07:26,2026-06-25T07:14,Embraer 175,N307LH,,,,,,,d68aa32a-2db4-4b68-abe4-f2351c8a841d,ae1fc6a5-c42d-4e70-ba63-d641d248d270,cccd7373-fc41-40f6-a00c-07f56f9706f5,2a44ac82-ae36-48d1-87c0-e8cbb31ce45f,,36728d5b-40cd-46ec-93ba-8822376b565d
2026-06-25,AAL,3978,MIA,ELH,N,D60Q,,,false,,2026-06-25T08:47,2026-06-25T08:36,2026-06-25T08:57,2026-06-25T09:00,2026-06-25T09:45,2026-06-25T09:38,2026-06-25T09:55,2026-06-25T09:41,Embraer 175,N268NN,,,,,,,717548f8-89e8-4b45-a41d-d991b01682c3,ae1fc6a5-c42d-4e70-ba63-d641d248d270,2a44ac82-ae36-48d1-87c0-e8cbb31ce45f,32f99574-06b4-42d5-9324-e47054ede20a,,36728d5b-40cd-46ec-93ba-8822376b565d
2026-06-25,AAL,3978,ELH,MIA,,,N,D60E,false,,2026-06-25T10:35,2026-06-25T10:49,2026-06-25T10:45,2026-06-25T10:59,2026-06-25T11:32,2026-06-25T11:43,2026-06-25T11:42,2026-06-25T11:47,Embraer 175,N268NN,,,,,,,e92ec6b9-23d4-49c9-90a0-2af5a6297abd,ae1fc6a5-c42d-4e70-ba63-d641d248d270,32f99574-06b4-42d5-9324-e47054ede20a,2a44ac82-ae36-48d1-87c0-e8cbb31ce45f,,36728d5b-40cd-46ec-93ba-8822376b565d
2026-06-29,AAL,3820,MIA,TLH,N,D60C,,A3,false,,2026-06-29T07:35,2026-06-29T07:29,2026-06-29T07:45,2026-06-29T07:44,2026-06-29T08:52,2026-06-29T08:43,2026-06-29T09:02,2026-06-29T08:49,Embraer 175,N287NN,,,,,,,683547fe-9cde-4016-9586-87c2be2003e3,ae1fc6a5-c42d-4e70-ba63-d641d248d270,2a44ac82-ae36-48d1-87c0-e8cbb31ce45f,cccd7373-fc41-40f6-a00c-07f56f9706f5,,36728d5b-40cd-46ec-93ba-8822376b565d
2026-06-30,AAL,3858,TLH,MIA,,A3,N,D60J,false,,2026-06-30T06:00,2026-06-30T06:13,2026-06-30T06:10,2026-06-30T06:25,2026-06-30T07:16,2026-06-30T07:26,2026-06-30T07:26,2026-06-30T07:34,Embraer 175,N250NN,,,,,,,2d4e4339-7479-4e46-8184-83e027dc8de3,ae1fc6a5-c42d-4e70-ba63-d641d248d270,cccd7373-fc41-40f6-a00c-07f56f9706f5,2a44ac82-ae36-48d1-87c0-e8cbb31ce45f,,36728d5b-40cd-46ec-93ba-8822376b565d
2026-06-30,AAL,4163,MIA,CMH,N,D60K,Main,B20,false,,2026-06-30T10:31,2026-06-30T10:28,2026-06-30T10:41,2026-06-30T10:51,2026-06-30T13:19,2026-06-30T13:02,2026-06-30T13:29,2026-06-30T13:07,Embraer 175,N324ES,,,,,,,1eb595e5-af97-4860-b3ec-97505a05d344,ae1fc6a5-c42d-4e70-ba63-d641d248d270,2a44ac82-ae36-48d1-87c0-e8cbb31ce45f,5a1c00de-6e4e-4b43-9404-25948e941c8a,,36728d5b-40cd-46ec-93ba-8822376b565d
2026-07-01,AAL,3667,CMH,MIA,Main,B20,N,D60N,false,,2026-07-01T07:00,2026-07-01T06:54,2026-07-01T07:10,2026-07-01T07:05,2026-07-01T09:36,2026-07-01T09:31,2026-07-01T09:46,2026-07-01T09:34,Embraer 175,N220NN,,,,,,,7886f366-f9b9-4fdb-9238-cdc189fa8c44,ae1fc6a5-c42d-4e70-ba63-d641d248d270,5a1c00de-6e4e-4b43-9404-25948e941c8a,2a44ac82-ae36-48d1-87c0-e8cbb31ce45f,,36728d5b-40cd-46ec-93ba-8822376b565d
2026-07-01,AAL,3861,MIA,XSC,N,D60L,,,false,,2026-07-01T12:15,2026-07-01T12:04,2026-07-01T12:25,2026-07-01T12:27,2026-07-01T14:21,2026-07-01T13:54,2026-07-01T14:31,2026-07-01T13:59,Embraer 175,N206NN,,,,,,,30fd36ad-4761-446c-94ff-74ab23a764a7,ae1fc6a5-c42d-4e70-ba63-d641d248d270,2a44ac82-ae36-48d1-87c0-e8cbb31ce45f,46f19b07-2bef-4723-b9d9-1c0d0e6dc411,,36728d5b-40cd-46ec-93ba-8822376b565d
2026-07-01,AAL,3861,XSC,MIA,,,N,D60C,false,,2026-07-01T15:11,2026-07-01T14:56,2026-07-01T15:21,2026-07-01T15:04,2026-07-01T17:04,2026-07-01T16:55,2026-07-01T17:14,2026-07-01T18:03,Embraer 175,N206NN,,,,,,,a91f2b28-9c6b-41e3-ba5f-cf8774ae823b,ae1fc6a5-c42d-4e70-ba63-d641d248d270,46f19b07-2bef-4723-b9d9-1c0d0e6dc411,2a44ac82-ae36-48d1-87c0-e8cbb31ce45f,,36728d5b-40cd-46ec-93ba-8822376b565d
2026-07-03,AAL,3939,MIA,MCI,N,D53,,A5,false,,2026-07-03T14:48,2026-07-03T15:06,2026-07-03T14:58,2026-07-03T15:17,2026-07-03T17:13,2026-07-03T16:58,2026-07-03T17:23,2026-07-03T17:02,Embraer 175,N299JJ,,,,,,,e6bae45d-7d08-4ddd-931c-fac8f448512c,ae1fc6a5-c42d-4e70-ba63-d641d248d270,2a44ac82-ae36-48d1-87c0-e8cbb31ce45f,bd6062aa-a329-43e4-b684-82b0e7579c91,,36728d5b-40cd-46ec-93ba-8822376b565d
2026-07-03,AAL,3939,MCI,MIA,,A5,N,D53,false,,2026-07-03T17:53,2026-07-03T17:43,2026-07-03T18:03,2026-07-03T17:56,2026-07-03T21:55,2026-07-03T21:50,2026-07-03T22:05,2026-07-03T21:54,Embraer 175,N299JJ,,,,,,,f5884983-26d0-4c94-9382-c1afde58bcee,ae1fc6a5-c42d-4e70-ba63-d641d248d270,bd6062aa-a329-43e4-b684-82b0e7579c91,2a44ac82-ae36-48d1-87c0-e8cbb31ce45f,,36728d5b-40cd-46ec-93ba-8822376b565d
2026-07-04,AAL,3884,MIA,GGT,N,D60L,,1,false,,2026-07-04T15:52,2026-07-04T15:49,2026-07-04T16:02,2026-07-04T16:02,2026-07-04T17:00,2026-07-04T16:52,2026-07-04T17:10,2026-07-04T16:54,Embraer 175,N312BT,,,,,,,39d5ce23-833d-4f4d-9fa6-a25dca0bd1d7,ae1fc6a5-c42d-4e70-ba63-d641d248d270,2a44ac82-ae36-48d1-87c0-e8cbb31ce45f,ab66692c-2b32-4f7c-a5b0-5cf6379f2f7a,,36728d5b-40cd-46ec-93ba-8822376b565d
2026-07-04,AAL,3884,GGT,MIA,,1,N,D60E,false,,2026-07-04T17:50,2026-07-04T17:40,2026-07-04T18:00,2026-07-04T17:45,2026-07-04T18:57,2026-07-04T18:40,2026-07-04T19:07,2026-07-04T18:43,Embraer 175,N312BT,,,,,,,969f3d6a-ca4e-428f-aaac-d5a9b0bd8be0,ae1fc6a5-c42d-4e70-ba63-d641d248d270,ab66692c-2b32-4f7c-a5b0-5cf6379f2f7a,2a44ac82-ae36-48d1-87c0-e8cbb31ce45f,,36728d5b-40cd-46ec-93ba-8822376b565d
2026-07-04,AAL,3893,MIA,JAX,N,D60E,Main,C6,false,,2026-07-04T20:38,2026-07-04T20:56,2026-07-04T20:48,2026-07-04T21:12,2026-07-04T21:54,2026-07-04T22:04,2026-07-04T22:04,2026-07-04T22:10,Embraer 175,N312BT,,,,,,,8123b717-229e-4f39-b507-a1522f26b2f2,ae1fc6a5-c42d-4e70-ba63-d641d248d270,2a44ac82-ae36-48d1-87c0-e8cbb31ce45f,a768b9ea-0e2d-488a-bb17-a144e4d10dc2,,36728d5b-40cd-46ec-93ba-8822376b565d
2026-07-05,AAL,3605,JAX,MIA,Main,C9,N,D60N,false,,2026-07-05T19:37,2026-07-05T20:07,2026-07-05T19:47,2026-07-05T20:21,2026-07-05T20:47,2026-07-05T21:19,2026-07-05T20:57,2026-07-05T21:23,Embraer 175,N284JN,,,,,,,9344f67b-3a9a-4ae1-9e4f-4c744ecffa4d,ae1fc6a5-c42d-4e70-ba63-d641d248d270,a768b9ea-0e2d-488a-bb17-a144e4d10dc2,2a44ac82-ae36-48d1-87c0-e8cbb31ce45f,,36728d5b-40cd-46ec-93ba-8822376b565d
2026-07-06,AAL,3347,DFW,MTY,B,B4,A,7,false,,2026-07-06T16:44,2026-07-06T16:41,2026-07-06T16:54,2026-07-06T16:57,2026-07-06T17:21,2026-07-06T17:14,2026-07-06T17:31,2026-07-06T17:20,Embraer 175,N204NN,,,,,,,94b5b1c6-d18d-4822-bd26-82dbfb3fc62a,ae1fc6a5-c42d-4e70-ba63-d641d248d270,1573100e-e4a3-47b0-9399-01b36074e1f5,5a2b0533-be12-4c83-838d-063ba4ca3526,,36728d5b-40cd-46ec-93ba-8822376b565d
2026-07-07,AAL,3755,MTY,MIA,A,8,N,D55,false,,2026-07-07T06:00,2026-07-07T05:52,2026-07-07T06:10,2026-07-07T06:26,2026-07-07T11:05,2026-07-07T11:09,2026-07-07T11:15,2026-07-07T11:13,Embraer 175,N203NN,,,,,,,5cbfa01a-3b88-4a2a-9807-da9204b574b4,ae1fc6a5-c42d-4e70-ba63-d641d248d270,5a2b0533-be12-4c83-838d-063ba4ca3526,2a44ac82-ae36-48d1-87c0-e8cbb31ce45f,,36728d5b-40cd-46ec-93ba-8822376b565d
2026-07-07,AAL,4072,MIA,CZM,N,D60L,,6,false,,2026-07-07T13:48,2026-07-07T13:43,2026-07-07T13:58,2026-07-07T14:01,2026-07-07T14:30,2026-07-07T14:23,2026-07-07T14:40,2026-07-07T14:27,Embraer 175,N335JS,$null,$null,,,,,951990cd-1ecc-4c35-a6a7-de0fb627b6df,ae1fc6a5-c42d-4e70-ba63-d641d248d270,2a44ac82-ae36-48d1-87c0-e8cbb31ce45f,58f9f006-ac29-4c5c-9c61-8477a1aa13f5,,36728d5b-40cd-46ec-93ba-8822376b565d
2026-07-07,AAL,4072,CZM,MIA,,6,N,D60L,false,,2026-07-07T15:20,2026-07-07T15:11,2026-07-07T15:30,2026-07-07T15:29,2026-07-07T17:54,2026-07-07T17:48,2026-07-07T18:04,2026-07-07T17:53,Embraer 175,N335JS,,,,,,,0a7f12b2-5ca3-49de-bbb8-c21066767250,ae1fc6a5-c42d-4e70-ba63-d641d248d270,58f9f006-ac29-4c5c-9c61-8477a1aa13f5,2a44ac82-ae36-48d1-87c0-e8cbb31ce45f,,36728d5b-40cd-46ec-93ba-8822376b565d
2026-07-13,AAL,3884,MIA,GGT,N,D53,,1,false,,2026-07-13T14:53,2026-07-13T14:50,2026-07-13T15:03,2026-07-13T15:00,2026-07-13T16:01,2026-07-13T15:48,2026-07-13T16:11,2026-07-13T15:52,Embraer 175,N241NN,,,,,,,21a86ca1-c9c8-4b86-8411-4936abd2b5da,ae1fc6a5-c42d-4e70-ba63-d641d248d270,2a44ac82-ae36-48d1-87c0-e8cbb31ce45f,ab66692c-2b32-4f7c-a5b0-5cf6379f2f7a,,36728d5b-40cd-46ec-93ba-8822376b565d
2026-07-13,AAL,3884,GGT,MIA,,1,N,D60B,false,,2026-07-13T16:51,2026-07-13T16:37,2026-07-13T17:01,2026-07-13T16:46,2026-07-13T17:55,2026-07-13T17:41,2026-07-13T18:05,2026-07-13T17:49,Embraer 175,N241NN,,,,,,,a972daaa-5b0d-4a1d-9ab0-31ee27dd433c,ae1fc6a5-c42d-4e70-ba63-d641d248d270,ab66692c-2b32-4f7c-a5b0-5cf6379f2f7a,2a44ac82-ae36-48d1-87c0-e8cbb31ce45f,,36728d5b-40cd-46ec-93ba-8822376b565d
2026-07-13,AAL,3474,MIA,RDU,N,D60J,2,C24,false,,2026-07-13T20:49,2026-07-13T20:44,2026-07-13T20:59,2026-07-13T21:19,2026-07-13T22:57,2026-07-13T23:05,2026-07-13T23:07,2026-07-13T23:10,Embraer 175,N235NN,,,,,,,6b2b0835-738f-4588-a852-3a494193e203,ae1fc6a5-c42d-4e70-ba63-d641d248d270,2a44ac82-ae36-48d1-87c0-e8cbb31ce45f,7852b092-092d-4c60-a638-d43993aa2899,,36728d5b-40cd-46ec-93ba-8822376b565d
2026-07-14,AAL,3696,RDU,ORD,2,C18,3,L6A,false,,2026-07-14T18:24,2026-07-14T18:22,2026-07-14T18:34,2026-07-14T18:36,2026-07-14T19:57,2026-07-14T19:11,2026-07-14T20:07,2026-07-14T19:39,Embraer 170,N766JM,,,,,,,f3c31fc8-91ec-4461-a6af-94885f6f5471,ae1fc6a5-c42d-4e70-ba63-d641d248d270,7852b092-092d-4c60-a638-d43993aa2899,a5eff314-18e7-4c87-bd38-0131882f1b8d,,2acf1934-38ee-4709-8efa-7018f9be5222
2026-07-14,AAL,3896,ORD,MSY,3,L12,Main,A6,false,,2026-07-14T21:20,2026-07-14T21:18,2026-07-14T21:30,2026-07-14T21:33,2026-07-14T23:37,2026-07-14T23:22,2026-07-14T23:47,2026-07-14T23:25,Embraer 175,N228NN,,,,,,,42db5ad9-4703-41e8-ac3c-eb013ed1463e,ae1fc6a5-c42d-4e70-ba63-d641d248d270,a5eff314-18e7-4c87-bd38-0131882f1b8d,f874b6f5-ac69-41f2-8cf4-76cf1a1aca9c,,36728d5b-40cd-46ec-93ba-8822376b565d
2026-07-15,AAL,3721,MSY,DFW,Main,B12,B,B27,false,,2026-07-15T14:43,2026-07-15T14:49,2026-07-15T14:53,2026-07-15T15:33,2026-07-15T16:20,2026-07-15T17:06,2026-07-15T16:30,2026-07-15T17:21,Embraer 175,N247NN,,,,,,,4c07dca5-7b9f-4c63-9ee6-0adb9e8d4880,ae1fc6a5-c42d-4e70-ba63-d641d248d270,f874b6f5-ac69-41f2-8cf4-76cf1a1aca9c,1573100e-e4a3-47b0-9399-01b36074e1f5,,36728d5b-40cd-46ec-93ba-8822376b565d
2026-07-15,AAL,3729,DFW,OKC,B,B38,,8,false,,2026-07-15T17:40,2026-07-15T18:19,2026-07-15T17:50,2026-07-15T18:36,2026-07-15T18:35,2026-07-15T19:14,2026-07-15T18:45,2026-07-15T19:18,Embraer 175,N268NN,,,,,,,a90a310b-e035-40c1-b319-2238cd4eb3db,ae1fc6a5-c42d-4e70-ba63-d641d248d270,1573100e-e4a3-47b0-9399-01b36074e1f5,5cb89162-7a17-4d59-966d-1186bde4b88d,,36728d5b-40cd-46ec-93ba-8822376b565d
2026-07-16,AAL,3679,OKC,MIA,,10,N,D60R,false,,2026-07-16T06:15,2026-07-16T06:12,2026-07-16T06:25,2026-07-16T06:25,2026-07-16T10:13,2026-07-16T10:18,2026-07-16T10:23,2026-07-16T10:24,Embraer 175,N315NH,,,,,,,c734a9a4-85eb-4767-8083-5e31d3295091,ae1fc6a5-c42d-4e70-ba63-d641d248d270,5cb89162-7a17-4d59-966d-1186bde4b88d,2a44ac82-ae36-48d1-87c0-e8cbb31ce45f,,36728d5b-40cd-46ec-93ba-8822376b565d
2026-07-16,AAL,3927,MIA,GGT,N,D60F,,,false,,2026-07-16T12:37,2026-07-16T12:34,2026-07-16T12:47,2026-07-16T12:46,2026-07-16T13:47,2026-07-16T13:34,2026-07-16T13:57,2026-07-16T13:38,Embraer 175,N233NN,,,,,,,58945db5-80e9-46c3-91e3-4f8832506517,ae1fc6a5-c42d-4e70-ba63-d641d248d270,2a44ac82-ae36-48d1-87c0-e8cbb31ce45f,ab66692c-2b32-4f7c-a5b0-5cf6379f2f7a,,36728d5b-40cd-46ec-93ba-8822376b565d
2026-07-16,AAL,3927,GGT,MIA,,,N,D60L,false,,2026-07-16T14:37,2026-07-16T14:27,2026-07-16T14:47,2026-07-16T14:38,2026-07-16T15:44,2026-07-16T15:30,2026-07-16T15:54,2026-07-16T15:34,Embraer 175,N233NN,${null},${null},,,,,0f409e1d-594f-471d-9745-c12b8cb456a9,ae1fc6a5-c42d-4e70-ba63-d641d248d270,ab66692c-2b32-4f7c-a5b0-5cf6379f2f7a,2a44ac82-ae36-48d1-87c0-e8cbb31ce45f,,36728d5b-40cd-46ec-93ba-8822376b565d
2026-07-19,AAL,3660,MIA,CMH,N,D55,Main,HGR,false,,2026-07-19T19:50,2026-07-19T19:49,2026-07-19T20:00,2026-07-19T20:07,2026-07-19T22:29,2026-07-19T22:21,2026-07-19T22:39,2026-07-19T22:33,Embraer 175,N212NN,,,,,,,d3d65383-3199-4608-9bfe-a45102f02f8c,ae1fc6a5-c42d-4e70-ba63-d641d248d270,2a44ac82-ae36-48d1-87c0-e8cbb31ce45f,5a1c00de-6e4e-4b43-9404-25948e941c8a,,36728d5b-40cd-46ec-93ba-8822376b565d
2026-07-20,AAL,3961,CMH,ORD,Main,B24,3,L2C,false,,2026-07-20T13:55,2026-07-20T14:26,2026-07-20T14:05,2026-07-20T15:00,2026-07-20T14:19,2026-07-20T14:56,2026-07-20T14:29,2026-07-20T15:09,Embraer 175,N324ES,,,,,,,2c864e24-a664-4716-a9fb-c87f34caaca7,ae1fc6a5-c42d-4e70-ba63-d641d248d270,5a1c00de-6e4e-4b43-9404-25948e941c8a,a5eff314-18e7-4c87-bd38-0131882f1b8d,,36728d5b-40cd-46ec-93ba-8822376b565d
2026-07-20,AAL,3406,ORD,AVL,3,L3,,8,false,,2026-07-20T15:38,2026-07-20T18:05,2026-07-20T15:48,2026-07-20T18:38,2026-07-20T18:24,2026-07-20T20:55,2026-07-20T18:34,2026-07-20T20:58,Embraer 175,N225NN,,,,,,,3dacbf5a-1037-4537-9c93-0628a264f510,ae1fc6a5-c42d-4e70-ba63-d641d248d270,a5eff314-18e7-4c87-bd38-0131882f1b8d,663f1fcd-113f-4508-af67-f067187bd0e2,,36728d5b-40cd-46ec-93ba-8822376b565d
2026-07-21,AAL,4261,AVL,DFW,,7,B,B43,false,,2026-07-21T07:01,2026-07-21T09:10,2026-07-21T07:11,2026-07-21T09:23,2026-07-21T08:34,2026-07-21T10:15,2026-07-21T08:44,2026-07-21T10:33,Embraer 175,N212NN,,,,,,,1ef7891a-458e-448f-a6ec-b2393a49071b,ae1fc6a5-c42d-4e70-ba63-d641d248d270,663f1fcd-113f-4508-af67-f067187bd0e2,1573100e-e4a3-47b0-9399-01b36074e1f5,,36728d5b-40cd-46ec-93ba-8822376b565d
2026-07-22,AAL,3679,OKC,MIA,,1,N,D60H,false,,2026-07-22T06:15,2026-07-22T06:08,2026-07-22T06:25,2026-07-22T06:22,2026-07-22T10:13,2026-07-22T09:58,2026-07-22T10:23,2026-07-22T10:02,Embraer 175,N270NN,,,,,,,36fb995d-bacb-47d6-86f8-0a21ccfa7128,ae1fc6a5-c42d-4e70-ba63-d641d248d270,5cb89162-7a17-4d59-966d-1186bde4b88d,2a44ac82-ae36-48d1-87c0-e8cbb31ce45f,,36728d5b-40cd-46ec-93ba-8822376b565d
2026-07-22,AAL,3861,MIA,XSC,N,D53,,,false,,2026-07-22T12:10,2026-07-22T12:24,2026-07-22T12:20,2026-07-22T12:51,2026-07-22T14:18,2026-07-22T14:25,2026-07-22T14:28,2026-07-22T14:29,Embraer 175,N292NN,,,,,,,c748a0bc-be4f-457c-87fe-ea4b9631d005,ae1fc6a5-c42d-4e70-ba63-d641d248d270,2a44ac82-ae36-48d1-87c0-e8cbb31ce45f,46f19b07-2bef-4723-b9d9-1c0d0e6dc411,,36728d5b-40cd-46ec-93ba-8822376b565d
2026-07-22,AAL,3861,XSC,MIA,,D60N,N,D60N,false,,2026-07-22T15:09,2026-07-22T15:03,2026-07-22T15:29,2026-07-22T15:21,2026-07-22T16:56,2026-07-22T16:48,2026-07-22T17:09,2026-07-22T16:54,Embraer 175,N292NN,,,,,,,085ecad4-e009-4cdb-a966-ff83c072fb16,ae1fc6a5-c42d-4e70-ba63-d641d248d270,46f19b07-2bef-4723-b9d9-1c0d0e6dc411,2a44ac82-ae36-48d1-87c0-e8cbb31ce45f,,36728d5b-40cd-46ec-93ba-8822376b565d
2026-07-25,AAL,4175,MIA,AXA,N,D60F,,,false,,2026-07-25T10:05,2026-07-25T10:03,2026-07-25T10:15,2026-07-25T10:20,2026-07-25T13:06,2026-07-25T12:54,2026-07-25T13:16,2026-07-25T12:58,Embraer 175,N218NN,,,,,,,b207449d-7f9d-4b7e-b889-f6b91eb2639a,ae1fc6a5-c42d-4e70-ba63-d641d248d270,2a44ac82-ae36-48d1-87c0-e8cbb31ce45f,83ca6a02-f8f4-4014-b4ff-e47dddb8abf3,,36728d5b-40cd-46ec-93ba-8822376b565d
2026-07-25,AAL,3419,AXA,MIA,,1,N,D60J,false,,2026-07-25T13:56,2026-07-25T13:39,2026-07-25T14:06,2026-07-25T13:56,2026-07-25T16:57,2026-07-25T16:36,2026-07-25T17:07,2026-07-25T16:57,Embraer 175,N218NN,,,,,,,1c090dfd-c1c5-4352-96c8-57a9721364a5,ae1fc6a5-c42d-4e70-ba63-d641d248d270,83ca6a02-f8f4-4014-b4ff-e47dddb8abf3,2a44ac82-ae36-48d1-87c0-e8cbb31ce45f,,36728d5b-40cd-46ec-93ba-8822376b565d
2026-07-26,AAL,3743,MIA,PNS,N,D60E,,5,false,,2026-07-26T17:51,2026-07-26T17:49,2026-07-26T18:01,2026-07-26T19:07,2026-07-26T18:38,2026-07-26T19:39,2026-07-26T18:48,2026-07-26T19:43,Embraer 170,N310JZ,,,,,,,376cdffd-3dc4-429c-a134-4af0eac95ec0,ae1fc6a5-c42d-4e70-ba63-d641d248d270,2a44ac82-ae36-48d1-87c0-e8cbb31ce45f,ddedb396-2e12-42ba-b38d-65535e4db2a3,,2acf1934-38ee-4709-8efa-7018f9be5222
2026-07-26,AAL,3743,PNS,MIA,,5,N,D55,false,,2026-07-26T19:18,2026-07-26T20:11,2026-07-26T19:28,2026-07-26T20:24,2026-07-26T21:55,2026-07-26T22:48,2026-07-26T22:05,2026-07-26T22:53,Embraer 170,N310JZ,,,,,,,cea49a7e-ac2d-43d5-bef5-c019a20eb109,ae1fc6a5-c42d-4e70-ba63-d641d248d270,ddedb396-2e12-42ba-b38d-65535e4db2a3,2a44ac82-ae36-48d1-87c0-e8cbb31ce45f,,2acf1934-38ee-4709-8efa-7018f9be5222
2026-07-26,AAL,4300,MIA,VPS,N,D55,,A3,false,,2026-07-26T23:10,2026-07-26T23:28,2026-07-26T23:20,2026-07-26T23:45,2026-07-26T23:49,2026-07-26T23:56,2026-07-26T23:59,2026-07-27T00:02,Embraer 170,N310JZ,,,,,,,eaadf3e6-2dd9-4963-bb08-afeb1c7830da,ae1fc6a5-c42d-4e70-ba63-d641d248d270,2a44ac82-ae36-48d1-87c0-e8cbb31ce45f,5989cdd8-884b-4dc7-a74b-bcc435db455b,,2acf1934-38ee-4709-8efa-7018f9be5222
2026-07-27,AAL,4153,VPS,ORD,,A1,3,L2C,false,,2026-07-27T11:32,2026-07-27T13:33,2026-07-27T11:42,2026-07-27T13:51,2026-07-27T14:04,2026-07-27T16:08,2026-07-27T14:14,2026-07-27T16:25,Embraer 175,N321JS,,,,,,,4abcd878-6df5-4605-905d-b58f5c04f190,ae1fc6a5-c42d-4e70-ba63-d641d248d270,5989cdd8-884b-4dc7-a74b-bcc435db455b,a5eff314-18e7-4c87-bd38-0131882f1b8d,,36728d5b-40cd-46ec-93ba-8822376b565d
2026-07-28,AAL,3731,DFW,OKC,B,B38,,6,false,,2026-07-28T10:49,2026-07-28T10:41,2026-07-28T10:59,2026-07-28T11:00,2026-07-28T11:46,2026-07-28T11:38,2026-07-28T11:56,2026-07-28T11:43,Embraer 175,N220NN,,,,,,,d6a05bec-f5c7-44a0-9a28-f3ad90e30310,ae1fc6a5-c42d-4e70-ba63-d641d248d270,1573100e-e4a3-47b0-9399-01b36074e1f5,5cb89162-7a17-4d59-966d-1186bde4b88d,,36728d5b-40cd-46ec-93ba-8822376b565d
2026-07-29,AAL,3679,OKC,MIA,,1,N,D60L,false,,2026-07-29T06:15,2026-07-29T06:07,2026-07-29T06:25,2026-07-29T06:24,2026-07-29T10:13,2026-07-29T10:04,2026-07-29T10:23,2026-07-29T10:14,Embraer 175,N298FR,,,,,,,d801bee4-6e48-4709-8ad6-2057a1063f31,ae1fc6a5-c42d-4e70-ba63-d641d248d270,5cb89162-7a17-4d59-966d-1186bde4b88d,2a44ac82-ae36-48d1-87c0-e8cbb31ce45f,,36728d5b-40cd-46ec-93ba-8822376b565d
2026-07-29,AAL,3518,MIA,EYW,N,D60P,,4,false,,2026-07-29T12:10,2026-07-29T12:02,2026-07-29T12:20,2026-07-29T12:20,2026-07-29T13:04,2026-07-29T12:51,2026-07-29T13:14,2026-07-29T13:00,Embraer 175,N241NN,,,,,,,0fb93499-44d1-4684-810d-ff7d533ca7d4,ae1fc6a5-c42d-4e70-ba63-d641d248d270,2a44ac82-ae36-48d1-87c0-e8cbb31ce45f,bb9e5fdc-9cea-4280-83ad-29167c2e140c,,36728d5b-40cd-46ec-93ba-8822376b565d
2026-07-29,AAL,3518,EYW,MIA,,4,N,D60J,false,,2026-07-29T13:47,2026-07-29T13:48,2026-07-29T13:55,2026-07-29T14:07,2026-07-29T14:31,2026-07-29T14:38,2026-07-29T14:40,2026-07-29T14:43,Embraer 175,N241NN,,,,,,,563b594f-43d0-4db1-b358-8a218674ebf4,ae1fc6a5-c42d-4e70-ba63-d641d248d270,bb9e5fdc-9cea-4280-83ad-29167c2e140c,2a44ac82-ae36-48d1-87c0-e8cbb31ce45f,,36728d5b-40cd-46ec-93ba-8822376b565d
2026-08-01,AAL,4004,MIA,ILM,N,D60B,Main,1,false,,2026-08-01T17:39,2026-08-01T18:31,2026-08-01T17:49,2026-08-01T19:24,2026-08-01T19:32,2026-08-01T21:10,2026-08-01T19:42,2026-08-01T21:14,Embraer 175,N259NN,,,,,,,d6fc2735-2053-437a-9f27-9a01dc14fdc5,ae1fc6a5-c42d-4e70-ba63-d641d248d270,2a44ac82-ae36-48d1-87c0-e8cbb31ce45f,8ab304b6-69b8-41c4-87bb-c483f5d007ae,,36728d5b-40cd-46ec-93ba-8822376b565d
2026-08-01,AAL,4004,ILM,MIA,Main,1,N,D60N,false,,2026-08-01T20:12,2026-08-01T21:49,2026-08-01T20:22,2026-08-01T22:02,2026-08-01T21:55,2026-08-01T23:33,2026-08-01T22:05,2026-08-01T23:37,Embraer 175,N259NN,,,,,,,e1ee869e-0ed3-4301-87f4-661e1f6d328b,ae1fc6a5-c42d-4e70-ba63-d641d248d270,8ab304b6-69b8-41c4-87bb-c483f5d007ae,2a44ac82-ae36-48d1-87c0-e8cbb31ce45f,,36728d5b-40cd-46ec-93ba-8822376b565d
2026-08-01,AAL,4109,MIA,PNS,N,D60N,,5,false,,2026-08-01T23:08,2026-08-02T00:13,2026-08-01T23:18,2026-08-02T00:35,2026-08-01T23:49,2026-08-02T00:53,2026-08-01T23:59,2026-08-02T01:14,Embraer 175,N259NN,,,,,,,7712e437-e46a-45b9-b9c2-907a9089dccd,ae1fc6a5-c42d-4e70-ba63-d641d248d270,2a44ac82-ae36-48d1-87c0-e8cbb31ce45f,ddedb396-2e12-42ba-b38d-65535e4db2a3,,36728d5b-40cd-46ec-93ba-8822376b565d
2026-08-02,AAL,3742,PNS,DCA,,5,2,E52,false,,2026-08-02T15:47,2026-08-02T16:16,2026-08-02T15:57,2026-08-02T16:57,2026-08-02T19:05,2026-08-02T20:11,2026-08-02T19:15,2026-08-02T20:18,Embraer 175,N218NN,,,,,,,65b387f5-aa89-495a-9ed5-4fb519e9ea70,ae1fc6a5-c42d-4e70-ba63-d641d248d270,ddedb396-2e12-42ba-b38d-65535e4db2a3,be38c6f9-3dd7-41e2-baf8-929dbd2b54f3,,36728d5b-40cd-46ec-93ba-8822376b565d
2026-08-02,AAL,3685,DCA,DSM,2,E52,Main,19,false,,2026-08-02T21:11,2026-08-02T22:12,2026-08-02T21:21,2026-08-02T22:49,2026-08-02T22:42,2026-08-02T23:52,2026-08-02T22:52,2026-08-02T23:58,Embraer 175,N218NN,,,,,,,8527522d-e47e-4507-a365-d64043ec9676,ae1fc6a5-c42d-4e70-ba63-d641d248d270,be38c6f9-3dd7-41e2-baf8-929dbd2b54f3,862a94ad-2d70-4283-8028-244f190f3be1,,36728d5b-40cd-46ec-93ba-8822376b565d
2026-08-04,AAL,3978,MIA,ELH,N,D60Q,,A,false,,2026-08-04T08:43,2026-08-04T08:33,2026-08-04T08:53,2026-08-04T08:56,2026-08-04T09:44,2026-08-04T09:34,2026-08-04T09:54,2026-08-04T09:35,Embraer 175,N263NN,,,,,,,8e882053-3714-4d91-9dbb-0271a376095b,ae1fc6a5-c42d-4e70-ba63-d641d248d270,2a44ac82-ae36-48d1-87c0-e8cbb31ce45f,32f99574-06b4-42d5-9324-e47054ede20a,,36728d5b-40cd-46ec-93ba-8822376b565d
2026-08-09,AAL,3754,MIA,GSO,,,Main,,false,,2026-08-09T20:57,,,,,,2026-08-09T23:18,,Embraer 175,,,,,,,,4086a909-2241-4305-9a60-4f3499fb9a24,ae1fc6a5-c42d-4e70-ba63-d641d248d270,2a44ac82-ae36-48d1-87c0-e8cbb31ce45f,495f7a2c-679a-4106-9bd3-33cf38d13c95,,01329aa5-421f-4d6e-844d-0f44b13e0edb
2026-08-10,AAL,3886,GSO,DFW,Main,,,,false,,2026-08-10T13:48,,,,,,2026-08-10T15:44,,Embraer 175,,,,,,,,4a371bd1-8c8a-4c86-b52f-eb360c15ae53,ae1fc6a5-c42d-4e70-ba63-d641d248d270,495f7a2c-679a-4106-9bd3-33cf38d13c95,1573100e-e4a3-47b0-9399-01b36074e1f5,,01329aa5-421f-4d6e-844d-0f44b13e0edb
2026-08-10,AAL,3801,DFW,HSV,,,,,false,,2026-08-10T17:15,,,,,,2026-08-10T19:08,,Embraer 175,,,,,,,,198d4f8e-b4d4-4594-aabf-7aa5bef87682,ae1fc6a5-c42d-4e70-ba63-d641d248d270,1573100e-e4a3-47b0-9399-01b36074e1f5,f10b30d8-a0ef-4923-8f1e-ac73daca6bd8,,01329aa5-421f-4d6e-844d-0f44b13e0edb
2026-08-11,AAL,3634,HSV,DFW,,,,,false,,2026-08-11T07:00,,,,,,2026-08-11T09:10,,Embraer 175,,,,,,,,9ba98bdc-4531-4c4d-824d-35bf67c58245,ae1fc6a5-c42d-4e70-ba63-d641d248d270,f10b30d8-a0ef-4923-8f1e-ac73daca6bd8,1573100e-e4a3-47b0-9399-01b36074e1f5,,01329aa5-421f-4d6e-844d-0f44b13e0edb
2026-08-11,AAL,3862,DFW,MTY,,,A,,false,,2026-08-11T10:53,,,,,,2026-08-11T11:43,,Embraer 175,,,,,,,,fe804edf-64fe-427b-80f0-02b6148b67f5,ae1fc6a5-c42d-4e70-ba63-d641d248d270,1573100e-e4a3-47b0-9399-01b36074e1f5,5a2b0533-be12-4c83-838d-063ba4ca3526,,01329aa5-421f-4d6e-844d-0f44b13e0edb
2026-08-12,AAL,3755,MTY,MIA,A,,,,false,,2026-08-12T06:00,,,,,,2026-08-12T11:25,,Embraer 175,,,,,,,,fe3e340c-9283-45e5-a6e5-7f6b80744485,ae1fc6a5-c42d-4e70-ba63-d641d248d270,5a2b0533-be12-4c83-838d-063ba4ca3526,2a44ac82-ae36-48d1-87c0-e8cbb31ce45f,,01329aa5-421f-4d6e-844d-0f44b13e0edb
2026-08-12,AAL,4007,MIA,OCJ,,,,,false,,2026-08-12T13:15,,,,,,2026-08-12T14:15,,Embraer 175,,,,,,,,683cb330-e52f-43a2-bdc7-54f595999327,ae1fc6a5-c42d-4e70-ba63-d641d248d270,2a44ac82-ae36-48d1-87c0-e8cbb31ce45f,739af5db-924e-4b32-b3ac-823eccdee7b0,,01329aa5-421f-4d6e-844d-0f44b13e0edb
2026-08-12,AAL,4007,OCJ,MIA,,,,,false,,2026-08-12T14:55,,,,,,2026-08-12T17:44,,Embraer 175,,,,,,,,aa82acef-68ad-47be-9bad-cba8d6930614,ae1fc6a5-c42d-4e70-ba63-d641d248d270,739af5db-924e-4b32-b3ac-823eccdee7b0,2a44ac82-ae36-48d1-87c0-e8cbb31ce45f,,01329aa5-421f-4d6e-844d-0f44b13e0edb
2026-08-14,AAL,4125,MIA,SAV,,,Main,,false,,2026-08-14T18:15,,,,,,2026-08-14T19:58,,Embraer 175,,,,,,,,37ce05a0-0358-4c8e-a377-fd66ba59c86f,ae1fc6a5-c42d-4e70-ba63-d641d248d270,2a44ac82-ae36-48d1-87c0-e8cbb31ce45f,46bb7aec-1c6b-409d-803a-de29e8700bdf,,01329aa5-421f-4d6e-844d-0f44b13e0edb
2026-08-14,AAL,4125,SAV,MIA,Main,,,,false,,2026-08-14T20:28,,,,,,2026-08-14T22:01,,Embraer 175,,,,,,,,caa4a21b-647b-4860-8725-ed11d61b7160,ae1fc6a5-c42d-4e70-ba63-d641d248d270,46bb7aec-1c6b-409d-803a-de29e8700bdf,2a44ac82-ae36-48d1-87c0-e8cbb31ce45f,,01329aa5-421f-4d6e-844d-0f44b13e0edb
2026-08-14,AAL,3427,MIA,BHM,,,,,false,,2026-08-14T22:57,,,,,,2026-08-14T23:59,,Embraer 175,,,,,,,,48e30df1-bae1-495e-b664-db347a151011,ae1fc6a5-c42d-4e70-ba63-d641d248d270,2a44ac82-ae36-48d1-87c0-e8cbb31ce45f,ad30c1c9-c6fb-42f3-a389-de328401691a,,01329aa5-421f-4d6e-844d-0f44b13e0edb
2026-08-15,AAL,3422,BHM,MIA,,,,,false,,2026-08-15T18:30,,,,,,2026-08-15T21:35,,Embraer 175,,,,,,,,a67dce34-8f09-41a4-be60-9290e5af54c9,ae1fc6a5-c42d-4e70-ba63-d641d248d270,ad30c1c9-c6fb-42f3-a389-de328401691a,2a44ac82-ae36-48d1-87c0-e8cbb31ce45f,,01329aa5-421f-4d6e-844d-0f44b13e0edb
2026-08-15,AAL,3451,MIA,TLH,,,,,false,,2026-08-15T22:32,,,,,,2026-08-15T23:59,,Embraer 175,,,,,,,,636373fb-e7bd-4a41-b856-4d799205c2b1,ae1fc6a5-c42d-4e70-ba63-d641d248d270,2a44ac82-ae36-48d1-87c0-e8cbb31ce45f,cccd7373-fc41-40f6-a00c-07f56f9706f5,,01329aa5-421f-4d6e-844d-0f44b13e0edb
2026-08-16,AAL,3635,TLH,MIA,,,,,false,,2026-08-16T17:31,,,,,,2026-08-16T19:00,,Embraer 175,,,,,,,,57aaec1a-8aa2-4bca-bf53-f879f209d8f9,ae1fc6a5-c42d-4e70-ba63-d641d248d270,cccd7373-fc41-40f6-a00c-07f56f9706f5,2a44ac82-ae36-48d1-87c0-e8cbb31ce45f,,01329aa5-421f-4d6e-844d-0f44b13e0edb
2026-08-16,AAL,3472,MIA,CVG,,,Main,,false,,2026-08-16T21:45,,,,,,2026-08-17T00:39,,Embraer 175,,,,,,,,274a7ac4-0a25-423d-bb9e-126dd45153df,ae1fc6a5-c42d-4e70-ba63-d641d248d270,2a44ac82-ae36-48d1-87c0-e8cbb31ce45f,d1a147c1-c486-4b4b-a744-65bf7018d1bc,,01329aa5-421f-4d6e-844d-0f44b13e0edb
2026-08-17,AAL,4099,CVG,MIA,Main,,,,false,,2026-08-17T12:03,,,,,,2026-08-17T14:43,,Embraer 175,,,,,,,,8b1b3108-8318-4d32-8a96-e557bc3ad14c,ae1fc6a5-c42d-4e70-ba63-d641d248d270,d1a147c1-c486-4b4b-a744-65bf7018d1bc,2a44ac82-ae36-48d1-87c0-e8cbb31ce45f,,01329aa5-421f-4d6e-844d-0f44b13e0edb
2026-08-17,AAL,3799,MIA,SAT,,,,,false,,2026-08-17T15:31,,,,,,2026-08-17T17:39,,Embraer 175,,,,,,,,d763c1bf-9349-4bfb-9b12-33ae26b62dea,ae1fc6a5-c42d-4e70-ba63-d641d248d270,2a44ac82-ae36-48d1-87c0-e8cbb31ce45f,98f5f76d-76cd-47cc-9ec1-bdb59a9f9928,,01329aa5-421f-4d6e-844d-0f44b13e0edb
2026-08-17,AAL,3426,SAT,MIA,,,,,false,,2026-08-17T18:11,,,,,,2026-08-17T22:05,,Embraer 175,,,,,,,,08cde534-a3b8-4145-8ff2-c316048e5570,ae1fc6a5-c42d-4e70-ba63-d641d248d270,98f5f76d-76cd-47cc-9ec1-bdb59a9f9928,2a44ac82-ae36-48d1-87c0-e8cbb31ce45f,,01329aa5-421f-4d6e-844d-0f44b13e0edb
2026-08-20,AAL,3394,MIA,GSO,,,Main,,false,,2026-08-20T16:41,,,,,,2026-08-20T19:03,,Embraer 175,,_null,_null,,,,,a836975a-7b12-4345-b02a-83ebf32970e1,ae1fc6a5-c42d-4e70-ba63-d641d248d270,2a44ac82-ae36-48d1-87c0-e8cbb31ce45f,495f7a2c-679a-4106-9bd3-33cf38d13c95,,01329aa5-421f-4d6e-844d-0f44b13e0edb
2026-08-20,AAL,4096,GSO,MIA,Main,,,,false,,2026-08-20T19:36,,,,,,2026-08-20T21:44,,Embraer 175,,,,,,,,6ca29abe-7382-4246-85fa-3379fa786648,ae1fc6a5-c42d-4e70-ba63-d641d248d270,495f7a2c-679a-4106-9bd3-33cf38d13c95,2a44ac82-ae36-48d1-87c0-e8cbb31ce45f,,01329aa5-421f-4d6e-844d-0f44b13e0edb
2026-08-20,AAL,3451,MIA,TLH,,,,,false,,2026-08-20T22:32,,,,,,2026-08-20T23:59,,Embraer 175,,_null_,:null_,,,,,c41b5c6f-1d09-4448-bb11-4adcd4b29331,ae1fc6a5-c42d-4e70-ba63-d641d248d270,2a44ac82-ae36-48d1-87c0-e8cbb31ce45f,cccd7373-fc41-40f6-a00c-07f56f9706f5,,01329aa5-421f-4d6e-844d-0f44b13e0edb
2026-08-21,AAL,3635,TLH,MIA,,,,,false,,2026-08-21T17:31,,,,,,2026-08-21T19:00,,Embraer 175,,,,,,,,fae73c9d-8ea5-42d9-9865-6f99cbc25121,ae1fc6a5-c42d-4e70-ba63-d641d248d270,cccd7373-fc41-40f6-a00c-07f56f9706f5,2a44ac82-ae36-48d1-87c0-e8cbb31ce45f,,01329aa5-421f-4d6e-844d-0f44b13e0edb
2026-08-21,AAL,3680,MIA,OKC,,,,,false,,2026-08-21T21:10,,,,,,2026-08-21T23:32,,Embraer 175,,,,,,,,46c0ca11-989d-4f0f-ab4e-6518052484c9,ae1fc6a5-c42d-4e70-ba63-d641d248d270,2a44ac82-ae36-48d1-87c0-e8cbb31ce45f,5cb89162-7a17-4d59-966d-1186bde4b88d,,01329aa5-421f-4d6e-844d-0f44b13e0edb
2026-08-22,AAL,4315,OKC,MIA,,,,,false,,2026-08-22T16:38,,,,,,2026-08-22T20:50,,Embraer 175,,,,,,,,4c890c8e-b23a-457f-9bbf-83f0c1799e8d,ae1fc6a5-c42d-4e70-ba63-d641d248d270,5cb89162-7a17-4d59-966d-1186bde4b88d,2a44ac82-ae36-48d1-87c0-e8cbb31ce45f,,01329aa5-421f-4d6e-844d-0f44b13e0edb
2026-08-22,AAL,3472,MIA,CVG,,,Main,,false,,2026-08-22T21:45,,,,,,2026-08-23T00:39,,Embraer 175,,,,,,,,135e451f-cf76-4d08-a28b-d703fc978580,ae1fc6a5-c42d-4e70-ba63-d641d248d270,2a44ac82-ae36-48d1-87c0-e8cbb31ce45f,d1a147c1-c486-4b4b-a744-65bf7018d1bc,,01329aa5-421f-4d6e-844d-0f44b13e0edb
2026-08-23,AAL,4099,CVG,MIA,Main,,,,false,,2026-08-23T12:03,,,,,,2026-08-23T14:43,,Embraer 175,,,,,,,,8c88d015-8d98-4f2d-b425-5b911a8b6884,ae1fc6a5-c42d-4e70-ba63-d641d248d270,d1a147c1-c486-4b4b-a744-65bf7018d1bc,2a44ac82-ae36-48d1-87c0-e8cbb31ce45f,,01329aa5-421f-4d6e-844d-0f44b13e0edb
2026-08-27,AAL,3756,MIA,MTY,,,A,,false,,2026-08-27T19:00,,,,,,2026-08-27T20:29,,Embraer 175,,,,,,,,2cf3c144-ff51-4e5e-915e-40e4d086ffb6,ae1fc6a5-c42d-4e70-ba63-d641d248d270,2a44ac82-ae36-48d1-87c0-e8cbb31ce45f,5a2b0533-be12-4c83-838d-063ba4ca3526,,01329aa5-421f-4d6e-844d-0f44b13e0edb
2026-08-28,AAL,3862,MTY,DFW,A,,D,,false,,2026-08-28T12:23,,,,,,2026-08-28T15:17,,Embraer 175,,,,,,,,289e5474-cdb5-4180-b3e7-278764b94a71,ae1fc6a5-c42d-4e70-ba63-d641d248d270,5a2b0533-be12-4c83-838d-063ba4ca3526,1573100e-e4a3-47b0-9399-01b36074e1f5,,01329aa5-421f-4d6e-844d-0f44b13e0edb
2026-08-28,AAL,3889,DFW,MTY,,,A,,false,,2026-08-28T16:49,,,,,,2026-08-28T17:36,,Embraer 175,,,,,,,,ae863d42-c041-4733-b6c6-c1977f38ee7d,ae1fc6a5-c42d-4e70-ba63-d641d248d270,1573100e-e4a3-47b0-9399-01b36074e1f5,5a2b0533-be12-4c83-838d-063ba4ca3526,,01329aa5-421f-4d6e-844d-0f44b13e0edb
2026-08-29,AAL,3755,MTY,MIA,A,,,,false,,2026-08-29T06:00,,,,,,2026-08-29T11:25,,Embraer 175,,,,,,,,522f5879-b851-4927-8ec9-67c428c9f996,ae1fc6a5-c42d-4e70-ba63-d641d248d270,5a2b0533-be12-4c83-838d-063ba4ca3526,2a44ac82-ae36-48d1-87c0-e8cbb31ce45f,,01329aa5-421f-4d6e-844d-0f44b13e0edb
2026-08-29,AAL,4315,MIA,OKC,,,,,false,,2026-08-29T13:45,,,,,,2026-08-29T16:08,,Embraer 175,,,,,,,,d41abec5-3848-44f0-8094-10afb9a7df45,ae1fc6a5-c42d-4e70-ba63-d641d248d270,2a44ac82-ae36-48d1-87c0-e8cbb31ce45f,5cb89162-7a17-4d59-966d-1186bde4b88d,,01329aa5-421f-4d6e-844d-0f44b13e0edb
2026-08-30,AAL,3679,OKC,MIA,,,,,false,,2026-08-30T07:00,,,,,,2026-08-30T11:10,,Embraer 175,,,,,,,,7add2ee8-cd2d-44dc-bd66-2078adaeb2e4,ae1fc6a5-c42d-4e70-ba63-d641d248d270,5cb89162-7a17-4d59-966d-1186bde4b88d,2a44ac82-ae36-48d1-87c0-e8cbb31ce45f,,01329aa5-421f-4d6e-844d-0f44b13e0edb
2026-08-30,AAL,4141,MIA,ELH,,,,,false,,2026-08-30T12:20,,,,,,2026-08-30T13:29,,Embraer 175,,,,,,,,b4be66e2-e226-4891-9903-4ad273ff5428,ae1fc6a5-c42d-4e70-ba63-d641d248d270,2a44ac82-ae36-48d1-87c0-e8cbb31ce45f,32f99574-06b4-42d5-9324-e47054ede20a,,01329aa5-421f-4d6e-844d-0f44b13e0edb
2026-08-30,AAL,4141,ELH,MIA,,,,,false,,2026-08-30T14:09,,,,,,2026-08-30T15:18,,Embraer 175,,,,,,,,283adaee-ed8b-44f7-929d-dc03800b25f0,ae1fc6a5-c42d-4e70-ba63-d641d248d270,32f99574-06b4-42d5-9324-e47054ede20a,2a44ac82-ae36-48d1-87c0-e8cbb31ce45f,,01329aa5-421f-4d6e-844d-0f44b13e0edb
2026-04-26,AAL,4117,DCA,DCA,,,,,false,,2026-04-26T12:08,2026-04-26T12:08,2026-04-26T12:08,2026-04-26T12:08,2026-04-26T12:45,2026-04-26T12:45,2026-04-26T12:45,2026-04-26T12:45,Embraer 175,N265NN,,,,,,,,ae1fc6a5-c42d-4e70-ba63-d641d248d270,be38c6f9-3dd7-41e2-baf8-929dbd2b54f3,be38c6f9-3dd7-41e2-baf8-929dbd2b54f3,,01329aa5-421f-4d6e-844d-0f44b13e0edb
2026-07-30,AAL,4316,MAR,MIA,,5,N,D55,false,,2026-07-30T14:10,2026-07-30T14:11,2026-07-30T14:20,2026-07-30T14:29,2026-07-30T17:05,2026-07-30T17:11,2026-07-30T17:15,2026-07-30T17:18,Embraer 175,N316GS,,,,,,,,ae1fc6a5-c42d-4e70-ba63-d641d248d270,4be255ca-845e-4169-a1ce-2b91d09bef11,2a44ac82-ae36-48d1-87c0-e8cbb31ce45f,,36728d5b-40cd-46ec-93ba-8822376b565d
2026-08-04,AAL,3978,ELH,MIA,,A,N,D60H,false,,2026-08-04T10:34,2026-08-04T10:22,2026-08-04T10:44,2026-08-04T10:32,2026-08-04T11:32,2026-08-04T11:18,2026-08-04T11:42,2026-08-04T11:22,Embraer 175,N263NN,,,,,,,,ae1fc6a5-c42d-4e70-ba63-d641d248d270,32f99574-06b4-42d5-9324-e47054ede20a,2a44ac82-ae36-48d1-87c0-e8cbb31ce45f,,36728d5b-40cd-46ec-93ba-8822376b565d
2026-06-03,AAL,4237,EIS,MIA,,4,N,D60B,false,,2026-06-03T12:22,2026-06-03T12:14,2026-06-03T12:32,2026-06-03T12:21,2026-06-03T15:13,2026-06-03T14:56,2026-06-03T15:23,2026-06-03T15:01,Embraer 175,N234JW,,,,,,,,ae1fc6a5-c42d-4e70-ba63-d641d248d270,62505d2a-a52b-49e5-af84-419cff971807,2a44ac82-ae36-48d1-87c0-e8cbb31ce45f,,36728d5b-40cd-46ec-93ba-8822376b565d
2026-05-05,AAL,4314,ELH,MIA,,A,N,D55,false,,2026-05-05T11:53,2026-05-05T11:49,2026-05-05T12:03,2026-05-05T12:02,2026-05-05T12:50,2026-05-05T12:49,2026-05-05T13:00,2026-05-05T12:54,Embraer 175,N229NN,,,,,,,,ae1fc6a5-c42d-4e70-ba63-d641d248d270,32f99574-06b4-42d5-9324-e47054ede20a,2a44ac82-ae36-48d1-87c0-e8cbb31ce45f,,36728d5b-40cd-46ec-93ba-8822376b565d
2026-06-06,AAL,3717,MIA,SRQ,N,D60H,Main,B3,false,,2026-06-06T08:22,2026-06-06T08:11,2026-06-06T08:32,2026-06-06T08:24,2026-06-06T09:22,2026-06-06T09:02,2026-06-06T09:32,2026-06-06T09:04,Embraer 175,N248NN,,,,,,,,ae1fc6a5-c42d-4e70-ba63-d641d248d270,2a44ac82-ae36-48d1-87c0-e8cbb31ce45f,70d228fc-748f-4351-a960-7507b99d1e45,,36728d5b-40cd-46ec-93ba-8822376b565d
2026-04-26,AAL,4117,DCA,DCA,,,,,false,,2026-04-26T16:00,2026-04-26T16:00,2026-04-26T16:00,2026-04-26T16:00,2026-04-26T16:13,2026-04-26T16:13,2026-04-26T16:13,2026-04-26T16:13,Embraer 175,N265NN,,,,,,,,ae1fc6a5-c42d-4e70-ba63-d641d248d270,be38c6f9-3dd7-41e2-baf8-929dbd2b54f3,be38c6f9-3dd7-41e2-baf8-929dbd2b54f3,,01329aa5-421f-4d6e-844d-0f44b13e0edb
2026-07-30,AAL,4325,MIA,MAR,N,D55,,5,false,,2026-07-30T10:10,2026-07-30T10:03,2026-07-30T10:20,2026-07-30T10:20,2026-07-30T13:20,2026-07-30T13:03,2026-07-30T13:30,2026-07-30T13:05,Embraer 175,N316GS,,,,,,,,ae1fc6a5-c42d-4e70-ba63-d641d248d270,2a44ac82-ae36-48d1-87c0-e8cbb31ce45f,4be255ca-845e-4169-a1ce-2b91d09bef11,,36728d5b-40cd-46ec-93ba-8822376b565d
2026-02-04,ENY,4320,SJU,MIA,,,,,false,,2026-02-04T08:45,2026-02-04T15:21,2026-02-04T08:45,2026-02-04T15:21,2026-02-04T10:32,2026-02-04T17:16,2026-02-04T10:32,2026-02-04T17:16,Embraer 175,N280NN,,,,,,,,e1441dc8-7602-44af-9e33-927969fe9045,1f1a1626-74d4-4ce1-b3db-9a365053202a,2a44ac82-ae36-48d1-87c0-e8cbb31ce45f,,01329aa5-421f-4d6e-844d-0f44b13e0edb
